W_S,W_S_max,WTO,S,b,c_root,S_vert,S_orizz,CL_crociera,CD,Cd0,Cdi,E_crociera,P_curr,P_tot,P_ice,P_em,phi_ice_cl,phi_ice_cr,phi_ice_de,Hp,E_batt_inst,OEW,W_wing,W_fus,W_tail,W_LG,W_propuls,W_fuelsys,W_hydr,W_battery,W_fuel,V_fuel,W_block_fuel,W_payload,ADP,flight_cost,electricity_cost,maintenance_cost,DOC,PREE,CO2
300,398.7697181,25041.74783,84.36706675,30.46371176,4.081069462,16.87341335,25.31012003,0.564645137,0.026810501,0.017320743,0.009489758,21.06059603,4383988.699,5262891.596,3157734.958,2215954.356,0.1,0.1,0.1,0.4,2514598.456,20725.63137,3682.035688,2185.311504,1316.071934,999.7720551,1636.117644,194.6246195,954.2089749,5834.457119,596.1164569,745.1455711,129.4886059,3720,28.96551338,1800.063817,1257.299228,677.7316514,0.291272528,0.886749836,409.1839945
325,398.7697181,25093.41108,77.15758018,29.13302906,3.921650579,15.43151604,23.14727405,0.611698899,0.02924399,0.018106705,0.011137286,20.9170804,4982672.568,5981599.721,3588959.833,2518568.304,0.1,0.1,0.1,0.4,2436405.47,20747.57425,3894.168279,2185.311504,1203.608584,990.5323392,1845.371041,186.4893678,874.4124443,5653.031087,625.8368354,782.2960443,147.1717581,3720,29.15612251,1807.474455,1218.202735,682.0797305,0.292654802,0.780204039,465.0627555
280,398.7697181,24587.60452,87.73226417,31.06533286,4.153203259,17.54645283,26.31967925,0.527002128,0.025167172,0.016900538,0.008266634,20.94006186,3784080.492,4542713.676,2725628.206,1912721.548,0.1,0.1,0.3,0.4,2339316.182,20272.32312,3778.798232,2185.311504,1368.566848,970.3398614,1424.891028,198.2975141,991.4558823,5427.761208,595.2814004,744.1017505,151.2490886,3720,28.34552438,1804.746059,1169.658091,666.0503061,0.290449762,0.759171517,477.9471198
350,398.7697181,24684.42361,70.46070616,27.84003893,3.766939116,14.09214123,21.13821185,0.65875266,0.031900202,0.018983586,0.012916615,20.65042309,5570786.609,6687618.979,4012571.387,2815839.57,0.1,0.1,0.1,0.4,2355949.584,20311.67691,3651.362661,2185.311504,1099.14166,974.1404473,2049.646948,178.5688774,800.2896468,5466.354595,652.7467045,815.9333806,164.5427124,3720,28.88870638,1810.815213,1177.974792,678.6132886,0.292640027,0.697837044,519.9549711
300,398.7697181,24602.01252,81.92595251,30.01975146,4.027861521,16.3851905,24.57778575,0.564645137,0.026958415,0.017468656,0.009489758,20.9450424,4257140.42,5110612.749,3066367.65,2151836.947,0.1,0.1,0.3,0.4,2261784.161,20255.95217,3943.087367,2185.311504,1277.992123,970.8435788,1591.592378,191.9121996,927.1900679,5247.868768,626.0603472,782.575434,170.1572178,3720,28.46378893,1812.320721,1130.89208,669.1329749,0.291702564,0.674811222,537.6968082
300,398.7697181,24351.12199,81.096812,29.86745607,4.00961375,16.2193624,24.3290436,0.564645137,0.027010495,0.017520737,0.009489758,20.90465685,4214055.568,5058890.237,3035334.142,2130059.047,0.3,0.1,0.1,0.4,2198584.836,20000.95917,3883.718849,2185.311504,1265.058065,961.01784,1576.452969,190.9813304,918.0129184,5101.231538,630.1628232,787.703529,178.0714592,3720,28.19790228,1813.28546,1099.292418,664.6299639,0.291286629,0.644819785,562.7058109
300,398.7697181,24054.98718,80.11756502,29.68658308,3.987944998,16.023513,24.03526951,0.564645137,0.027073269,0.01758351,0.009489758,20.85618646,4163170.692,4997803.952,2998682.371,2104338.506,0.1,0.2,0.1,0.4,2123291.384,19698.54696,3813.872408,2185.311504,1249.782443,949.4132683,1558.561998,189.8755159,907.1743502,4926.533103,636.4402167,795.5502708,188.8128751,3720,27.88188819,1814.972522,1061.645692,659.280243,0.290856072,0.608136494,596.6486854
350,398.7697181,24349.80027,69.5123672,27.65205307,3.744463378,13.90247344,20.85371016,0.65875266,0.031979695,0.019063079,0.012916615,20.59909162,5495808.735,6597609.526,4618326.668,2083455.64,0.1,0.1,0.1,0.3,2210921.021,19957.38786,3577.167224,2185.311504,1084.348183,961.0290948,2146.729176,177.4159986,789.7931769,5129.854376,672.4124027,840.5155034,189.382798,3720,28.76979018,1817.731509,1105.460511,671.356715,0.292600026,0.606306387,598.4496418
325,398.7697181,23878.3476,73.41740613,28.41815384,3.836087652,14.68348123,22.02522184,0.611698899,0.029517019,0.018379734,0.011137286,20.72359986,4741140.075,5691644.748,3414986.849,2396481.999,0.1,0.1,0.3,0.4,2126665.058,19509.50674,3615.57256,2185.311504,1145.264277,942.5157827,1761.119658,182.1122021,833.0151949,4934.360815,648.8408674,811.0510843,189.5026061,3720,27.85646987,1813.724079,1063.332529,660.0655467,0.290801629,0.605923065,598.8282354
280,398.7697181,23632.69095,84.35299745,30.46117155,4.080764966,16.87059949,25.30589923,0.527002128,0.025358901,0.017092268,0.008266634,20.78174131,3638325.48,4367737.671,2620642.602,1839047.44,0.3,0.1,0.3,0.4,2063690.311,19290.69285,3623.433987,2185.311504,1315.852462,932.9635834,1373.305126,194.6091048,954.053252,4788.24466,621.9981056,777.497632,191.7022077,3720,27.32440428,1812.474434,1031.845155,648.7747504,0.289327461,0.598970671,605.7789763
300,398.7697181,24171.54223,80.50305807,29.75791725,3.996490487,16.10061161,24.15091742,0.564645137,0.027048391,0.017558633,0.009489758,20.87536882,4183202.172,5021851.347,3515295.943,1585847.794,0.1,0.1,0.3,0.3,2108329.116,19806.79208,3840.489691,2185.311504,1255.795886,953.9815551,1659.167021,190.3116713,911.4410907,4891.817139,644.7501447,805.9376808,195.0689042,3720,28.19265948,1818.440216,1054.164558,660.5050682,0.291407692,0.588633029,616.4177373
325,398.7697181,23608.74501,72.59347686,28.25824208,3.816956324,14.51869537,21.77804306,0.611698899,0.029580618,0.018443333,0.011137286,20.67904365,4687932.474,5627770.076,3376662.046,2369587.401,0.3,0.1,0.1,0.4,2057527.066,19235.59196,3555.169403,2185.311504,1132.41151,931.9381481,1742.529752,181.1324069,823.8957248,4773.944487,653.1530456,816.441307,198.0958634,3720,27.56714597,1814.787508,1028.763533,655.1694349,0.290351085,0.579638555,625.9829283
280,398.7697181,23459.87967,83.86956705,30.37375903,4.070287189,16.77391341,25.16087012,0.527002128,0.025387477,0.017120843,0.008266634,20.7583502,3617474.091,4342705.992,2605623.595,1828507.786,0.1,0.2,0.3,0.4,2006745.995,19109.61765,3601.211962,2185.311504,1308.311259,927.6166211,1365.91616,194.0751856,948.7025148,4656.120516,630.2620186,787.8275232,201.8053911,3720,27.13681989,1814.965356,1003.372998,645.6189213,0.289249299,0.568983808,637.7050359
325,398.7697181,23280.22632,71.55846067,28.05607006,3.792773699,14.31169213,21.4675382,0.611698899,0.029662411,0.018525126,0.011137286,20.62202198,4621093.328,5547531.006,3328518.603,2335802.529,0.1,0.2,0.1,0.4,1974573.948,18900.94956,3479.712735,2185.311504,1116.265924,918.6505788,1719.161355,179.8933294,812.4398881,4581.473834,659.2767628,824.0959535,209.5811058,3720,27.21221692,1816.478722,987.2869739,649.161981,0.289843698,0.547873815,662.2762945
350,398.7697181,23369.33203,66.7016547,27.08723319,3.676962095,13.34033094,20.01049641,0.65875266,0.032227454,0.019310839,0.012916615,20.44072916,5273587.296,6330837.09,3798502.254,2665615.617,0.1,0.1,0.3,0.4,2016441.412,18972.18287,3363.967165,2185.311504,1040.502877,922.1693608,1946.565303,173.9499888,758.6834572,4678.616153,677.1491591,846.4364489,210.7844359,3720,27.46732515,1817.722251,1008.220706,654.558324,0.290624235,0.544746103,666.0788174
300,398.7697181,23356.57622,77.8057098,29.25513302,3.936271023,15.56114196,23.34171294,0.564645137,0.027227174,0.017737416,0.009489758,20.73829409,4043039.134,4853588.397,2912153.038,2043616.167,0.3,0.1,0.3,0.4,1945640.918,18986.50066,3650.716978,2185.311504,1213.718989,922.0166394,1516.276959,187.2365321,881.5861167,4514.342431,650.0755531,812.5944414,213.0264409,3720,27.13446013,1818.495635,972.820459,646.6347519,0.289783708,0.539012901,673.1635534
325,398.7697181,23404.30717,71.93664067,28.13010927,3.801629231,14.38732813,21.5809922,0.611698899,0.029632275,0.018494989,0.011137286,20.64299468,4645515.389,5576849.206,3903794.444,1761110.276,0.1,0.1,0.3,0.3,1957238.279,19015.72441,3506.38205,2185.311504,1122.165289,923.5056643,1831.649573,180.3471484,816.6256858,4541.251023,668.5827536,835.728442,216.6272533,3720,27.55198966,1820.326582,978.6191395,650.4404286,0.290446311,0.530053344,684.5421203
350,398.7697181,23078.15809,65.87710795,26.91929025,3.656900059,13.17542159,19.76313238,0.65875266,0.032303817,0.019387202,0.012916615,20.39240937,5208396.72,6252577.094,3751546.257,2632664.04,0.3,0.1,0.1,0.4,1940728.998,18676.52083,3302.02442,2185.311504,1027.640479,910.7695355,1923.914711,172.9187986,749.5571526,4502.945626,681.6372581,852.0465726,220.088888,3720,27.15146842,1818.87352,970.364499,649.2185061,0.290131858,0.52171648,695.480886
300,398.7697181,23072.54129,76.8329782,29.07168313,3.914305794,15.36659564,23.04989346,0.564645137,0.027294455,0.017804697,0.009489758,20.68717355,3992492.819,4792908.547,2875745.128,2018066.756,0.1,0.2,0.3,0.4,1875040.804,18697.23357,3582.805284,2185.311504,1198.545002,910.4892984,1498.464957,186.1139351,870.8196625,4350.533639,655.3077275,819.1346594,222.7262876,3720,26.82897905,1819.864269,937.5204022,641.4660369,0.289336997,0.515538607,703.8150689
300,398.7697181,22854.91534,76.11393297,28.93532897,3.89798201,15.22278659,22.83417989,0.564645137,0.0273452,0.017855442,0.009489758,20.64878407,3955128.878,4748053.875,2848832.325,1999180.579,0.3,0.2,0.1,0.4,1819527.118,18475.95739,3532.889371,2185.311504,1187.32836,901.9682677,1485.290421,185.2793322,862.8610771,4221.728889,658.9579524,823.6974405,229.6861376,3720,26.59513214,1820.724438,909.7635588,637.5137359,0.288973507,0.499916979,725.8081948
350,398.7697181,22742.12321,64.92480978,26.72401369,3.633578043,12.98496196,19.47744293,0.65875266,0.032394231,0.019477616,0.012916615,20.3354931,5133105.821,6162191.862,3697315.117,2594607.1,0.1,0.2,0.1,0.4,1852391.946,18333.28756,3230.815059,2185.311504,1012.78524,897.6034818,1897.736379,171.7194206,739.0168612,4297.982984,688.8356498,861.0445622,232.8024816,3720,26.78384489,1820.975989,926.1959728,643.0067047,0.289648794,0.493224983,735.6558419
325,398.7697181,22542.93254,69.30889569,27.61155288,3.739621761,13.86177914,20.79266871,0.611698899,0.0298479,0.018710614,0.011137286,20.49386711,4475821.201,5373134.696,3223880.817,2262372.503,0.3,0.1,0.3,0.4,1782977.703,18149.03425,3317.452824,2185.311504,1081.174158,889.7706224,1668.308836,177.1675741,787.5410996,4136.92569,673.8982882,842.3728602,235.8295898,3720,26.41221221,1820.442969,891.4888513,635.6403584,0.288720199,0.486893948,745.2215039
300,398.7697181,22597.49771,75.26291972,28.77311448,3.87856513,15.05258394,22.57887591,0.564645137,0.027406404,0.017916646,0.009489758,20.6026713,3910907.446,4694966.922,2816980.153,1976828.177,0.1,0.3,0.1,0.4,1753230.709,18212.87879,3474.008542,2185.311504,1174.053101,891.8833567,1469.689175,184.2862167,853.4418342,4067.905701,664.6189201,830.7736501,239.2285464,3720,26.31654858,1822.255343,876.6153547,632.8075211,0.28860024,0.479976164,755.9622067
350,398.7697181,22876.52656,65.30578734,26.802307,3.642927986,13.06115747,19.5917362,0.65875266,0.032357768,0.019441153,0.012916615,20.35840829,5163226.789,6198351.488,4338846.042,1957374.154,0.1,0.1,0.3,0.3,1832560.404,18457.1887,3258.313363,2185.311504,1018.728245,902.8707083,2023.795175,172.20034,743.233623,4251.969166,699.3378579,874.1723224,240.7689016,3720,27.15760461,1825.278801,916.2802022,644.3758514,0.29031555,0.476905444,760.8297289
280,398.7697181,22882.78593,81.6470151,29.96860301,4.021732735,16.32940302,24.49410453,0.527002128,0.025522808,0.017256174,0.008266634,20.64828184,3521610.664,4227623.847,2536574.308,1780052.146,0.3,0.2,0.3,0.4,1767736.416,18501.74471,3670.845993,2185.311504,1273.640879,903.0341919,1331.915169,191.5995901,924.1027138,4101.562336,661.0412293,826.3015367,241.2518576,3720,26.4974609,1825.523284,883.868208,634.8028542,0.289218954,0.475950739,762.3558699
300,398.7697181,22772.13038,75.84030476,28.88327115,3.891750418,15.16806095,22.75209143,0.564645137,0.027364742,0.017874984,0.009489758,20.63403827,3940910.261,4730984.707,3311689.295,1493995.171,0.3,0.1,0.3,0.3,1756345.344,18381.58495,3513.191844,2185.311504,1183.059936,898.725643,1568.393588,184.9606486,859.8324867,4075.132382,670.5454234,838.1817793,242.2528537,3720,26.68197052,1824.959893,878.1726719,635.1668083,0.28919551,0.473984096,765.5190178
325,398.7697181,22258.91315,68.4412867,27.43818787,3.718899269,13.68825734,20.53238601,0.611698899,0.029922429,0.018785143,0.011137286,20.44282249,4419792.857,5305873.778,3183524.267,2234052.117,0.1,0.2,0.3,0.4,1708700.203,17858.75173,3255.507768,2185.311504,1067.640017,878.6322524,1648.672764,176.1039875,777.9381707,3964.584502,680.1614205,850.2017756,246.5637634,3720,26.10189595,1822.208864,854.3501016,630.3995263,0.288311709,0.46569698,779.1414925
280,398.7697181,22651.36878,80.82758603,29.81783772,4.003669085,16.16551721,24.24827581,0.527002128,0.025574412,0.017307779,0.008266634,20.60661731,3486266.933,4185194.397,2511116.638,1762187.115,0.1,0.3,0.3,0.4,1709046.728,18265.33292,3615.956763,2185.311504,1260.858313,893.9709428,1319.366531,190.678005,915.0330531,3965.38852,666.0358629,832.5448287,249.6261375,3720,26.24840387,1826.819483,854.523364,630.5972284,0.288876942,0.459983883,788.8185944
300,398.7697181,22474.70421,74.85678261,28.69537609,3.869261032,14.97135652,22.45703478,0.564645137,0.027436062,0.017946304,0.009489758,20.58040021,3889803.234,4669631.733,3268742.213,1474620.547,0.1,0.2,0.3,0.3,1680237.485,18077.73749,3445.305594,2185.311504,1167.717623,887.0704409,1549.210908,183.8101966,848.9465998,3898.544333,676.9667127,846.2083909,253.1638883,3720,26.35757319,1826.682224,840.1187426,629.7332346,0.288759242,0.453555998,799.997887
325,398.7697181,22027.71413,67.73463079,27.29617077,3.701926909,13.54692616,20.32038924,0.611698899,0.029984428,0.018847142,0.011137286,20.40055244,4374158.52,5251090.66,3150654.396,2210985.541,0.3,0.2,0.1,0.4,1648675.077,17623.77333,3205.430334,2185.311504,1056.616639,869.560203,1632.669626,175.2324986,770.1167135,3825.312156,683.9407943,854.9259928,254.0204394,3720,25.84999875,1823.13867,824.3375385,626.1465132,0.287921056,0.452026617,802.7045886
300,398.7697181,21988.15141,73.24640687,28.38503964,3.832125717,14.64928137,21.97392206,0.564645137,0.027556622,0.018066864,0.009489758,20.49036119,3806122.843,4569175.082,2741505.049,1923863.192,0.3,0.2,0.3,0.4,1596328.369,17591.25234,3335.867473,2185.311504,1142.596798,867.9867406,1432.682705,181.9093281,831.1225292,3703.855538,676.8990704,846.123838,260.742681,3720,25.65547546,1825.443704,798.1641845,621.6470532,0.287663094,0.440372859,823.946872
350,398.7697181,21937.92226,62.61256989,26.24382344,3.576253339,12.52251398,18.78377097,0.65875266,0.03262429,0.019707675,0.012916615,20.19209184,4950294.781,5942730.829,3565638.497,2502202.454,0.3,0.1,0.3,0.4,1643268.423,17514.53271,3060.24023,2185.311504,976.7157865,865.635507,1834.089701,168.7684717,713.42437,3812.767454,703.3895571,879.2369463,260.8294512,3720,25.901283,1825.041086,821.6342117,628.1007888,0.288374422,0.44022636,824.2210659
325,398.7697181,21744.95304,66.83878292,27.11506246,3.680286903,13.36775658,20.05163487,0.611698899,0.03006476,0.018927474,0.011137286,20.34604293,4316306.568,5181640.537,3108984.322,2181743.384,0.1,0.3,0.1,0.4,1576655.684,17335.65479,3142.271421,2185.311504,1042.641989,858.0593124,1612.369131,174.1208367,760.2012291,3658.210303,689.2982493,861.6228116,264.0266384,3720,25.53982349,1824.621724,788.3278419,620.9079546,0.287479584,0.434895512,834.3241775
350,398.7697181,22179.86933,63.3297969,26.39370694,3.594142441,12.66595938,18.99893907,0.65875266,0.032551271,0.019634656,0.012916615,20.23738681,5007000.409,6010804.813,4207563.369,1898148.888,0.1,0.2,0.1,0.3,1651462.224,17747.8754,3111.929105,2185.311504,987.9040661,875.5515558,1965.916821,169.6898149,721.3628309,3831.778989,711.9939253,889.9924067,264.9304056,3720,26.38810821,1828.760084,825.7311118,631.5164587,0.289213124,0.433411936,837.1800818
325,398.7697181,21927.51005,67.3949116,27.22763353,3.693737084,13.47898232,20.21847348,0.611698899,0.03001466,0.018877374,0.011137286,20.38000448,4352220.176,5224754.113,3657327.879,1649922.351,0.3,0.1,0.3,0.3,1578452.868,17511.5557,3180.726896,2185.311504,1051.317239,865.198889,1722.330687,174.8118481,766.3566104,3662.380192,695.9543455,869.9429319,267.5366065,3720,25.93401564,1827.593578,789.2264342,623.3585469,0.28811701,0.429189865,845.4156766
300,398.7697181,21738.29662,72.38420422,28.21748122,3.812080335,14.47684084,21.71526127,0.564645137,0.027623191,0.018133432,0.009489758,20.44098187,3761319.974,4515390.125,2709234.075,1901216.895,0.1,0.3,0.3,0.4,1533871.004,17336.78781,3277.409689,2185.311504,1129.146992,857.7692456,1416.842879,180.8826221,821.5794391,3558.939829,681.5088136,851.8860171,269.3206788,3720,25.38318535,1826.649962,766.9355019,617.0490534,0.287264384,0.426346764,851.053345
350,398.7697181,22405.22377,63.96931974,26.52663788,3.610011156,12.79386395,19.19079592,0.65875266,0.032487438,0.019570823,0.012916615,20.27715008,5057562.566,6071503.68,4857202.944,1278211.301,0.1,0.1,0.3,0.2,1656218.987,17964.5887,3158.189253,2185.311504,997.8802108,884.3933065,2097.864329,170.5067571,728.4412412,3842.815794,720.6350628,900.7938285,269.5332829,3720,26.85777333,1832.530166,828.1094936,634.5849541,0.29001702,0.426010468,851.725174
350,398.7697181,21637.26219,61.76172372,26.06489902,3.554902825,12.35234474,18.52851712,0.65875266,0.032712942,0.019796327,0.012916615,20.13737136,4883024.912,5861974.684,3517184.811,2468199.867,0.1,0.2,0.3,0.4,1563444.509,17207.22594,2998.150649,2185.311504,963.4431339,853.8721072,1810.638565,167.6683087,704.0069765,3627.557284,710.0362403,887.5453004,272.4057526,3720,25.56863063,1826.985704,781.7222543,622.4894848,0.287943391,0.421518264,860.8021781
300,398.7697181,21547.4659,71.75424762,28.09442514,3.797361108,14.35084952,21.52627429,0.564645137,0.027672756,0.018182998,0.009489758,20.40436944,3728585.369,4476092.88,2685655.728,1884670.686,0.3,0.3,0.1,0.4,1484619.312,17142.6775,3234.918406,2185.311504,1119.320075,850.3039752,1405.26319,180.1284311,814.6069105,3444.664375,684.7884033,855.9855041,275.5029975,3720,25.17543502,1827.423702,742.3096562,613.5457114,0.286943511,0.416779494,870.5894722
325,398.7697181,21617.12319,66.44918948,27.03592211,3.670832169,13.2898379,19.93475684,0.611698899,0.030100318,0.018963032,0.011137286,20.32200806,4291147.452,5151437.517,3606006.262,1626769.742,0.1,0.2,0.3,0.3,1497332.061,17194.29713,3114.147791,2185.311504,1036.564582,853.0577156,1699.521704,173.6349624,755.8891045,3474.160928,702.8260642,878.5325803,279.2849686,3720,25.5900878,1829.521098,748.6660305,617.6107039,0.287667919,0.411135625,882.5405008
350,398.7697181,21390.78028,61.06365984,25.91718075,3.537279999,12.21273197,18.31909795,0.65875266,0.032787379,0.019870764,0.012916615,20.09165365,4827834.365,5795719.526,3477431.716,2440302.958,0.3,0.2,0.1,0.4,1498546.624,16956.86776,2947.627595,2185.311504,952.5537868,844.2210082,1791.385764,166.7597745,696.2806183,3476.978998,713.9125172,892.3906466,280.3667497,3720,25.29677661,1827.973968,749.2733121,617.9051971,0.287520668,0.409549278,885.9589292
280,398.7697181,21701.76635,77.42303094,29.18310025,3.927645785,15.48460619,23.22690928,0.527002128,0.025799472,0.017532839,0.008266634,20.42685683,3339421.179,4008908.979,2405345.387,1687961.675,0.3,0.3,0.3,0.4,1470298.708,17297.90595,3391.035883,2185.311504,1207.749445,856.3150922,1267.152901,186.7957743,877.3505245,3411.43722,683.8604009,854.8255011,281.5884927,3720,25.22280624,1831.166169,735.1493541,613.2906641,0.287353468,0.407772345,889.819637
300,398.7697181,21321.32655,71.00728318,27.94781056,3.779826478,14.20145664,21.30218495,0.564645137,0.027732574,0.018242816,0.009489758,20.36035798,3689770.654,4429496.583,2657697.95,1865051.193,0.1,0.4,0.1,0.4,1425675.964,16911.38867,3184.678404,2185.311504,1107.66791,841.4521123,1391.525452,179.2296641,806.3393078,3307.902007,689.9378734,862.4223417,284.0607101,3720,24.92742736,1828.82357,712.837982,609.3656211,0.286616687,0.404223449,897.631844
325,398.7697181,21108.41921,64.89741345,26.71837472,3.632904663,12.97948269,19.46922403,0.611698899,0.030245848,0.019108562,0.011137286,20.22422721,4190937.053,5031136.918,3018682.151,2118373.439,0.3,0.2,0.3,0.4,1409195.237,16686.0864,3006.719192,2185.311504,1012.357875,833.1360409,1568.32602,171.6847806,738.7136312,3269.662861,702.3328063,877.9160079,287.1048067,3720,24.83874783,1828.163786,704.5976183,609.0872299,0.286506402,0.399937574,907.2511891
280,398.7697181,21496.05084,76.69551842,29.04566581,3.911190939,15.33910368,23.00865553,0.527002128,0.025849931,0.017583297,0.008266634,20.38698412,3308042.005,3971238.902,2382743.341,1672100.59,0.1,0.4,0.3,0.4,1417508.269,17087.59386,3343.527458,2185.311504,1196.400718,848.2684975,1255.979034,185.9547004,869.2982208,3288.951042,688.4569843,860.5712303,289.1861728,3720,24.99873322,1832.367535,708.7541346,609.5150342,0.287050856,0.397059095,913.8283061
350,398.7697181,21105.52207,60.25520063,25.74504238,3.516748456,12.05104013,18.07656019,0.65875266,0.03287558,0.019958964,0.012916615,20.03775042,4763915.708,5718986.444,3431391.866,2407994.292,0.1,0.3,0.1,0.4,1422577.866,16665.25615,2889.341652,2185.311504,939.9423435,833.0436411,1769.073733,165.700758,687.3323749,3300.713693,720.2659186,900.3323982,291.4066993,3720,24.97937795,1829.833694,711.2889328,612.5560102,0.287110471,0.394033494,920.8451698
300,398.7697181,21276.40286,70.85883506,27.91858137,3.776331094,14.17176701,21.25765052,0.564645137,0.0277446,0.018254842,0.009489758,20.3515327,3682056.804,4420236.259,3094165.382,1395864.082,0.3,0.2,0.3,0.3,1374982.089,16856.67806,3174.090094,2185.311504,1105.352215,839.6929361,1471.099864,179.0504605,804.6962443,3190.280349,699.7248005,874.6560006,294.2839654,3720,25.04368493,1832.460062,687.4910447,607.750381,0.286854292,0.39018096,929.9373307
325,398.7697181,20862.21861,64.14563027,26.56316873,3.61437253,12.82912605,19.24368908,0.611698899,0.030318686,0.019181401,0.011137286,20.17563988,4142388.493,4972855.333,2983713.2,2093833.825,0.1,0.3,0.3,0.4,1344026.048,16434.26114,2954.713947,2185.311504,1000.630542,823.4846674,1551.251654,170.73123,730.3926934,3118.455085,707.9574696,884.946837,296.6062149,3720,24.56573902,1829.75497,672.0130238,604.4880427,0.286152802,0.387126076,937.2756392
325,398.7697181,20661.41834,63.53212956,26.435836,3.599171326,12.70642591,19.05963887,0.611698899,0.030379306,0.019242021,0.011137286,20.13538071,4102769.921,4925294.022,2955176.413,2073808.009,0.3,0.3,0.1,0.4,1291304.609,16230.11287,2912.579667,2185.311504,991.0603254,815.6085639,1537.309934,169.9487434,723.6023031,2996.129004,711.3054623,889.1318279,303.1512757,3720,24.34382543,1830.575859,645.6523044,600.7507488,0.28580997,0.378767992,957.9580314
300,398.7697181,20784.31232,69.23159218,27.59615035,3.737780515,13.84631844,20.76947765,0.564645137,0.027879532,0.018389774,0.009489758,20.25303469,3597499.942,4318727.421,2591236.453,1818411.546,0.3,0.3,0.3,0.4,1285814.783,16363.22149,3066.359926,2185.311504,1079.968273,820.4093932,1358.83585,177.0730921,786.6854836,2983.391324,701.0908331,876.3635414,303.3503508,3720,24.33724416,1831.730668,642.9073917,599.4252324,0.285789902,0.378519424,958.5871086
300,398.7697181,21019.96419,70.01111137,27.75107611,3.756302065,14.00222227,21.00333341,0.564645137,0.027814174,0.018324416,0.009489758,20.30062593,3638006.309,4367354.512,3057148.159,1379164.583,0.1,0.3,0.3,0.3,1308487.086,16594.48927,3117.45322,2185.311504,1092.128271,829.647036,1454.508496,178.0233294,795.3134111,3035.996374,705.4749149,881.8436437,303.9062681,3720,24.7596895,1834.011486,654.2435429,603.0060571,0.286478957,0.377827021,960.3438073
350,398.7697181,20970.34218,59.87187122,25.66301977,3.50696711,11.97437424,17.96156137,0.65875266,0.03291817,0.020001555,0.012916615,20.01182508,4733608.797,5682603.598,3977822.518,1794506.399,0.1,0.2,0.3,0.3,1336164.601,16515.33489,2861.057264,2185.311504,933.9626515,827.7439155,1864.416349,165.1960353,683.0895823,3100.214688,735.0072827,918.7591034,308.0821154,3720,25.03792363,1835.22313,668.0823004,608.9847134,0.287324199,0.372705828,973.5394846
300,398.7697181,20574.69442,68.53779361,27.45752592,3.721210561,13.70755872,20.56133808,0.564645137,0.027938855,0.018449096,0.009489758,20.21003173,3561447.899,4275447.658,2565268.595,1800188.488,0.1,0.4,0.3,0.4,1230906.987,16148.78349,3020.495836,2185.311504,1069.145462,812.1875806,1346.050842,176.2226402,779.006335,2855.992383,705.9109335,882.3886669,311.338697,3720,24.10547615,1833.042192,615.4534936,595.5247797,0.285485566,0.368807351,983.8302827
325,398.7697181,20414.08478,62.74128143,26.27078407,3.579470918,12.54825629,18.82238443,0.611698899,0.030459066,0.01932178,0.011137286,20.08265478,4051698.629,4863983.948,2918390.369,2047993.241,0.1,0.4,0.1,0.4,1228045.393,15978.12021,2858.534177,2185.311504,978.7236036,805.4556835,1519.32726,168.9342174,714.8489838,2849.352814,715.9645717,894.9557146,311.9240998,3720,24.06863688,1831.864253,614.0226965,596.1137396,0.285416329,0.368115192,985.6801554
350,398.7697181,20419.06684,58.2757456,25.31863349,3.465911256,11.65514912,17.48272368,0.65875266,0.033101083,0.020184467,0.012916615,19.90124208,4607415.409,5531110.935,3318666.561,2328888.815,0.3,0.2,0.3,0.4,1242247.791,15966.12502,2748.437593,2185.311504,909.0641192,805.6766741,1714.377062,163.0760913,665.4232359,2882.305703,732.9418274,916.1772843,315.6361199,3720,24.21365714,1833.370747,621.1238956,599.6570828,0.286009953,0.363785995,997.410139
280,398.7697181,20660.04348,73.73458142,28.47947323,3.843424543,14.74691628,22.12037443,0.527002128,0.026064687,0.017798053,0.008266634,20.21900884,3180330.45,3817923.709,2290754.225,1607546.825,0.3,0.4,0.3,0.4,1202936.507,16234.57028,3152.566052,2185.311504,1150.212007,815.5193179,1210.439988,182.4878478,836.525776,2791.094321,705.4731914,881.8414892,318.4750384,3720,24.08489325,1836.602373,601.4682537,594.1322962,0.285740385,0.36054317,1006.381121
325,398.7697181,20367.28305,62.59882946,26.24094366,3.575909662,12.51976589,18.77964884,0.611698899,0.03047363,0.019336345,0.011137286,20.07305637,4042499.383,4852940.436,3397058.305,1532507.506,0.3,0.2,0.3,0.3,1172752.977,15920.63519,2848.163555,2185.311504,976.5014445,803.6268907,1606.486936,168.7507672,713.2722872,2721.061464,726.6478649,908.3098311,323.0919054,3720,24.19722801,1835.854362,586.3764884,594.3621279,0.285679472,0.355391138,1020.970421
280,398.7697181,20474.614,73.07694097,28.35218423,3.828194878,14.61538819,21.92308229,0.527002128,0.026114549,0.017847915,0.008266634,20.18040296,3151965.009,3783871.559,2270322.935,1593209.077,0.1,0.5,0.3,0.4,1155012.356,16044.93678,3110.620138,2185.311504,1139.953239,808.2455509,1200.311683,181.7080293,829.2468353,2679.89907,709.6772174,887.0965217,325.3948974,3720,23.88065198,1837.703656,577.506178,590.6982369,0.28546616,0.352875847,1028.247876
350,398.7697181,20161.4167,57.54711218,25.15985362,3.446989555,11.50942244,17.26413366,0.65875266,0.033187707,0.020271092,0.012916615,19.84929724,4549807.963,5461954.338,3277172.603,2299770.247,0.1,0.3,0.3,0.4,1172986.52,15702.55738,2697.07123,2185.311504,897.6979069,795.602957,1694.218697,162.0982612,657.3585258,2721.603339,738.8593237,923.5741546,325.7785505,3720,23.92392582,1835.104987,586.49326,594.7835128,0.285640915,0.352460283,1029.46022
350,398.7697181,20380.08447,58.16554096,25.29468226,3.463056708,11.63310819,17.44966229,0.65875266,0.033114055,0.02019744,0.012916615,19.89344574,4598702.375,5520651.11,3864455.777,1743363.508,0.1,0.3,0.1,0.3,1182879.459,15914.95551,2739.906181,2185.311504,907.3449977,804.1530402,1814.224745,162.9286073,664.2034614,2744.557272,745.1289618,931.4112022,328.1841149,3720,24.37360934,1837.973382,591.4397293,597.9147322,0.286346189,0.349876776,1037.061803
325,398.7697181,19858.30746,61.04821239,25.91390238,3.536888929,12.20964248,18.31446372,0.611698899,0.030636235,0.019498949,0.011137286,19.96651664,3942363.828,4732729.686,2839637.812,1992728.289,0.3,0.3,0.3,0.4,1080132.832,15410.60298,2743.829705,2185.311504,952.3128165,783.7201387,1480.787913,166.7396084,696.1096418,2506.161045,727.7044848,909.630606,332.4301514,3720,23.44779393,1835.05978,540.0664161,585.6737225,0.284564717,0.345407899,1050.479278
350,398.7697181,19949.73225,56.94799843,25.02854336,3.431344908,11.38959969,17.08439953,0.65875266,0.033260474,0.020343858,0.012916615,19.80587136,4502440.642,5405090.807,3243054.484,2275827.708,0.3,0.3,0.1,0.4,1116608.851,15487.48016,2655.169014,2185.311504,888.3521179,787.3199166,1677.633462,161.2893948,650.7273741,2590.793947,742.2520924,927.8151155,332.6827122,3720,23.68679061,1835.964079,558.3044253,590.7960132,0.285273161,0.345145677,1051.27737
325,398.7697181,20102.56734,61.79269274,26.07143303,3.555682417,12.35853855,18.53780782,0.611698899,0.030557222,0.019419937,0.011137286,20.01814469,3990440.787,4790445.123,3353311.586,1512772.144,0.1,0.3,0.3,0.3,1102637.809,15649.82402,2793.38817,2185.311504,963.9262307,793.2777416,1586.972442,167.7084906,704.3497499,2558.37786,732.7433223,915.9291529,333.3474065,3720,23.8989667,1837.570322,551.3189045,589.3924329,0.285296985,0.344457457,1053.377805
300,398.7697181,19979.56228,66.53402361,27.05317467,3.67289322,13.30680472,19.96020708,0.564645137,0.028116577,0.018626818,0.009489758,20.08228613,3457325.457,4150450.729,2905315.51,1310668.651,0.3,0.3,0.3,0.3,1040588.347,15533.86577,2888.895176,2185.311504,1037.88794,788.4420576,1386.345769,173.7408881,756.8280714,2414.40858,725.6965153,907.1206441,340.1188951,3720,23.60214488,1839.156899,520.2941733,583.6911936,0.284813294,0.337599591,1074.775709
325,398.7697181,19642.5892,60.39023158,25.77387335,3.520186876,12.07804632,18.11706947,0.611698899,0.030707569,0.019570284,0.011137286,19.92013417,3899872.825,4681720.079,2809032.047,1971250.559,0.1,0.4,0.3,0.4,1022382.038,15189.78621,2699.631031,2185.311504,942.0487393,775.273016,1465.794685,165.8781514,688.8269336,2372.165682,732.802991,916.0037387,340.9235116,3720,23.20520521,1836.505989,511.1910191,581.5981723,0.28425563,0.33680282,1077.318297
350,398.7697181,20334.16616,58.03571035,25.26643651,3.459690465,11.60714207,17.41071311,0.65875266,0.033129397,0.020212781,0.012916615,19.88423361,4588437.666,5508328.53,4406662.824,1159648.112,0.1,0.2,0.3,0.2,1121725.696,15856.39275,2729.978624,2185.311504,905.3197238,802.3580676,1913.065628,162.7546712,662.7664613,2602.666226,757.7734087,947.2167609,341.2957713,3720,24.5225327,1842.737165,560.862848,596.0330728,0.286684991,0.336435461,1078.494637
300,398.7697181,19714.92385,65.6600601,26.87490765,3.651598917,13.13201202,19.69801803,0.564645137,0.028197223,0.018707465,0.009489758,20.02484905,3411911.455,4095932.119,2457559.272,1724602.998,0.3,0.4,0.3,0.4,1007509.691,15271.91849,2832.887908,2185.311504,1024.254672,778.0852279,1292.943763,172.6462368,747.1548089,2337.658355,723.0053607,903.7567009,341.6653234,3720,23.1516203,1837.435955,503.7548456,579.4865402,0.284116722,0.336071565,1079.662422
350,398.7697181,19704.15792,56.25246019,24.87522989,3.41308285,11.25049204,16.87573806,0.65875266,0.033346756,0.020430141,0.012916615,19.75462489,4447449.778,5339075.364,3203445.218,2248031.732,0.1,0.4,0.1,0.4,1050423.962,15236.23234,2606.680034,2185.311504,877.5021692,777.7037645,1658.367245,160.3447532,643.0289704,2437.22951,747.9255779,934.9069724,342.3914007,3720,23.40916879,1837.627192,525.2119809,586.1307412,0.284920248,0.33535889,1081.956826
325,398.7697181,19466.35997,59.85236945,25.65883988,3.506468682,11.97047389,17.95571083,0.611698899,0.03076696,0.019629675,0.011137286,19.88168123,3865138.832,4640022.608,2784013.565,1953693.73,0.3,0.4,0.1,0.4,975623.5705,15010.56146,2663.753556,2185.311504,933.6584363,768.367973,1453.531956,165.1703126,682.8737314,2263.67509,735.7985059,919.7481324,346.7255594,3720,23.00780105,1837.237635,487.8117852,578.2827795,0.283951903,0.331166817,1095.652768
300,398.7697181,19755.88217,65.79537203,26.90258523,3.654904747,13.15907441,19.73861161,0.564645137,0.028184608,0.018694849,0.009489758,20.0338123,3418942.706,4104372.996,2873061.097,1296117.788,0.1,0.4,0.3,0.3,981865.7082,15304.98558,2841.013327,2185.311504,1026.365451,779.6887299,1371.842148,172.8162123,748.6524776,2278.158311,730.8965896,913.6207369,348.6945189,3720,23.35082765,1840.56684,490.9328541,579.5047794,0.284486911,0.329296831,1101.87468
300,398.7697181,19528.14101,65.04275926,26.74827755,3.636475583,13.00855185,19.51282778,0.564645137,0.028255391,0.018765633,0.009489758,19.98362464,3379834.485,4057424.351,2434454.611,1708389.201,0.1,0.5,0.3,0.4,958056.1217,15080.70156,2793.104163,2185.311504,1014.625176,770.7699599,1281.53511,171.8684688,740.3223576,2222.914496,727.43945,909.2993125,348.9191322,3720,22.94254939,1838.647295,479.0280609,575.9770689,0.283846569,0.329084849,1102.584458
280,398.7697181,19710.49707,70.33276185,27.81475113,3.763915414,14.06655237,21.09982856,0.527002128,0.026331847,0.018065213,0.008266634,20.01386851,3033602.685,3641779.933,2185067.96,1533381.025,0.3,0.5,0.3,0.4,959413.6389,15265.86791,2937.765895,2185.311504,1097.145812,777.8938551,1157.992446,178.4138125,798.8735249,2226.064254,724.6291623,905.7864529,351.7626411,3720,23.03667213,1841.375941,479.7068195,576.518808,0.284231013,0.326424658,1111.569946
325,398.7697181,19259.3958,59.22033993,25.52300412,3.490272681,11.84406799,17.76610198,0.611698899,0.030838028,0.019700742,0.011137286,19.83586309,3824323.709,4591024.861,2754614.917,1933063.099,0.1,0.5,0.1,0.4,920083.4883,14798.6787,2621.702404,2185.311504,923.7991827,760.2540172,1439.114605,164.3342907,675.8782592,2134.809097,740.7170978,925.8963723,354.9065692,3720,22.77398234,1838.633317,460.0417441,574.3582743,0.283654632,0.323533037,1121.504759
350,398.7697181,19109.3547,54.52921891,24.49125166,3.367365003,10.90584378,16.35876567,0.65875266,0.03356933,0.020652715,0.012916615,19.62364644,4311206.332,5175517.805,3105310.683,2179165.392,0.3,0.3,0.3,0.4,893021.3724,14630.36641,2488.000254,2185.311504,850.6207145,753.8791392,1610.57874,157.9777415,623.9556738,2072.018653,758.9882891,948.7353613,363.53189,3720,22.73546873,1840.705341,446.5106862,574.8138211,0.283951755,0.315856746,1148.760772
350,398.7697181,19377.4333,55.32626543,24.66959505,3.388595596,11.06525309,16.59787963,0.65875266,0.03346478,0.020548165,0.012916615,19.6849542,4374222.676,5251167.678,3675817.374,1658263.477,0.1,0.3,0.3,0.3,915889.8132,14891.61283,2541.901677,2185.311504,863.0541271,764.898681,1730.544071,159.0773306,632.7775984,2125.078789,765.8204663,957.2755829,365.4071974,3720,23.23326781,1843.814207,457.9449066,578.9489957,0.284803315,0.314235737,1154.686744
325,398.7697181,19028.13768,58.47499155,25.36187901,3.471065593,11.69499831,17.54249747,0.611698899,0.030923669,0.019786383,0.011137286,19.78092917,3776190.695,4533242.13,3173269.491,1431550.146,0.3,0.3,0.3,0.3,820747.58,14554.5025,2571.923108,2185.311504,912.1722278,750.6852846,1506.520759,163.3423677,667.6285435,1904.326534,753.6351781,942.0439727,371.4876782,3720,22.68234046,1843.12163,410.37379,569.1476515,0.283569722,0.309092352,1173.901063
350,398.7697181,18885.89014,53.89838951,24.34917421,3.35045623,10.7796779,16.16951685,0.65875266,0.033654116,0.020737501,0.012916615,19.57420757,4261331.499,5115644.056,3069386.434,2153955.392,0.1,0.4,0.3,0.4,832232.6928,14401.57186,2444.926959,2185.311504,840.7801819,745.1576309,1593.064623,157.1015006,616.9734849,1930.974684,764.3182809,955.3978511,372.5219163,3720,22.48029085,1842.269282,416.1163464,570.534724,0.28363258,0.308234214,1177.169256
325,398.7697181,18756.88299,57.65021287,25.18238157,3.449673916,11.53004257,17.29506386,0.611698899,0.031020832,0.019883546,0.011137286,19.71897156,3722928.24,4469301.609,2681580.965,1881811.204,0.3,0.4,0.3,0.4,787746.4941,14286.43668,2518.348509,2185.311504,899.3062113,740.0968359,1403.261447,162.2370138,658.4996719,1827.756289,750.4463174,938.0578967,372.8102261,3720,22.20557204,1841.239211,393.8732471,564.8205381,0.282839772,0.307995843,1178.080315
300,398.7697181,18756.71821,62.45185415,26.2101201,3.572231224,12.49037083,18.73555624,0.564645137,0.028511111,0.019021352,0.009489758,19.80438949,3245202.582,3895801.419,2337480.851,1640337.439,0.3,0.5,0.3,0.4,756347.5013,14293.83064,2628.355542,2185.311504,974.2087243,740.0666988,1233.584506,168.5612633,711.6455251,1754.903274,742.8875753,928.6094691,376.2987938,3720,22.07663906,1842.612472,378.1737507,561.4536974,0.282605421,0.305140494,1189.104189
350,398.7697181,18701.94877,53.37868117,24.23149795,3.33645462,10.67573623,16.01360435,0.65875266,0.03372537,0.020808754,0.012916615,19.53285212,4220242.153,5066317.111,3039790.266,2133186.152,0.3,0.4,0.1,0.4,782707.3629,14214.62239,2409.713099,2185.311504,832.6730663,737.9724252,1578.627358,156.3755801,611.2212135,1816.064324,767.3263822,959.1579778,378.5804042,3720,22.27118067,1843.025723,391.3536814,567.0293787,0.283309438,0.303301488,1196.314077
325,398.7697181,18566.2104,57.06988128,25.05531269,3.434534014,11.41397626,17.12096438,0.611698899,0.031090762,0.019953476,0.011137286,19.67461935,3685451.659,4424311.715,2654587.029,1862868.091,0.1,0.5,0.3,0.4,736133.5209,14091.09984,2480.422625,2185.311504,890.2534119,732.6465841,1389.996335,161.4543081,652.0764062,1708.002107,755.1105603,943.8882004,380.4696947,3720,21.98825369,1842.56532,368.0667604,561.1802801,0.282567737,0.30179539,1202.284235
325,398.7697181,18799.44266,57.77968093,25.2106424,3.453041521,11.55593619,17.33390428,0.611698899,0.031005409,0.019868123,0.011137286,19.72878008,3731289.012,4479338.55,3135536.985,1414527.963,0.1,0.4,0.3,0.3,759402.4535,14320.33488,2526.198355,2185.311504,901.3258297,741.7589371,1489.630797,162.4110683,659.9326591,1761.991479,759.1077788,948.8847235,380.5504037,3720,22.42057112,1844.666759,379.7012267,564.8002735,0.283240309,0.301731384,1202.539276
300,398.7697181,18841.81806,62.73220069,26.26888288,3.579244018,12.54644014,18.81966021,0.564645137,0.028482498,0.018992739,0.009489758,19.82428458,3259770.305,3913289.682,2739302.777,1235775.689,0.3,0.4,0.3,0.3,744455.9174,14372.88991,2645.49704,2185.311504,978.58195,743.3889153,1311.60391,168.9225297,714.7484758,1727.312016,748.9281498,936.1601873,380.8350749,3720,22.3197207,1845.154609,372.2279587,562.349041,0.283009507,0.301505842,1203.438837
325,398.7697181,18410.21605,56.59475821,24.95079839,3.422083694,11.31895164,16.97842746,0.611698899,0.031149007,0.020011721,0.011137286,19.63783013,3654769.221,4387478.056,2632486.834,1847359.182,0.3,0.5,0.1,0.4,694318.3395,13932.39753,2449.584409,2185.311504,882.8417979,726.546993,1379.130536,160.8104008,646.8176167,1610.981097,757.8185216,947.273152,385.6595844,3720,21.8112501,1843.224359,347.1591697,558.2162844,0.282296782,0.297734076,1218.684287
300,398.7697181,18644.86255,62.08320041,26.13264634,3.562986297,12.41664008,18.62496012,0.564645137,0.028549101,0.019059343,0.009489758,19.77803578,3226046.128,3872804.476,2710963.133,1222990.887,0.1,0.5,0.3,0.3,692124.4575,14171.18623,2604.595649,2185.311504,968.4579634,735.6980081,1298.821527,168.0849096,707.5651667,1605.890777,753.6763145,942.0953932,388.5498212,3720,22.09536506,1846.447723,346.0622287,558.6231971,0.282723532,0.295519374,1227.817435
350,398.7697181,18645.85146,53.22009826,24.19547645,3.332169213,10.64401965,15.96602948,0.65875266,0.03374737,0.020830755,0.012916615,19.52011838,4207704.221,5051265.572,4041012.457,1063424.331,0.1,0.3,0.3,0.2,677661.2731,14135.7877,2397.625753,2185.311504,830.1992749,735.7799443,1762.440412,156.1533399,609.4659754,1572.332803,790.0637596,987.5796994,401.7106636,3720,22.57881851,1851.642729,338.8306366,564.0649925,0.283973921,0.28583757,1269.405697
350,398.7697181,17978.35092,51.33054275,23.76206999,3.280629568,10.26610855,15.39916283,0.65875266,0.034019254,0.021102639,0.012916615,19.36411246,4058311.587,4871922.673,2923153.604,2051335.863,0.3,0.4,0.3,0.4,585802.5474,13475.14072,2272.321772,2185.311504,800.7234254,709.6559965,1521.656432,153.4782243,588.5518684,1359.199054,783.2101934,979.0127417,406.3951714,3720,21.43959285,1847.550129,292.9012737,553.1085491,0.282204859,0.282542727,1284.208742
325,398.7697181,17788.44605,54.69815807,24.52916099,3.371877322,10.93963161,16.40944742,0.611698899,0.031390882,0.020253596,0.011137286,19.48651532,3532290.814,4240445.155,2544267.093,1785450.592,0.3,0.5,0.3,0.4,525959.817,13296.52698,2327.534011,2185.311504,853.2560566,702.1986121,1335.705732,158.2115036,625.8255377,1220.34991,771.9190678,964.8988347,409.5882273,3720,21.0987098,1847.11366,262.9799085,546.3000146,0.281353187,0.280340089,1294.298798
325,398.7697181,17875.5902,54.96423354,24.58874883,3.378970604,10.99284671,16.48927006,0.611698899,0.031356011,0.020218726,0.011137286,19.50818596,3549473.403,4261072.512,2982750.759,1345601.846,0.3,0.4,0.3,0.3,511902.6008,13376.97256,2343.977511,2185.311504,857.4066627,705.6144633,1421.131525,158.5789109,628.7705324,1187.733877,778.6176359,973.2720449,414.6807421,3720,21.35824549,1849.898422,255.9513004,547.1858038,0.281784672,0.276897353,1310.391145
300,398.7697181,17845.53105,59.44391798,25.57113798,3.496011421,11.8887836,17.83317539,0.564645137,0.028833825,0.019344067,0.009489758,19.58273419,3088900.382,3708163.723,2595714.606,1170999.071,0.3,0.5,0.3,0.3,479991.5921,13354.66738,2440.558522,2185.311504,927.2868563,704.4215058,1246.766017,164.6305603,678.352881,1113.692866,770.8636729,963.5795912,417.8704929,3720,21.18131711,1850.887095,239.9957961,543.4660601,0.281463626,0.2747837,1320.470758
350,398.7697181,17060.50536,48.69633768,23.14432359,3.207242265,9.739267537,14.60890131,0.65875266,0.034431093,0.021514478,0.012916615,19.13249332,3850045.234,4621903.042,3235332.129,1459548.329,0.3,0.4,0.3,0.3,296249.303,12529.06823,2099.056657,2185.311504,759.631522,673.2369871,1534.279113,149.6615842,559.3957803,687.3677391,811.4371283,1014.29641,449.7961905,3720,20.54616548,1856.439655,148.1246515,534.4455855,0.281055962,0.255280063,1421.355962
