n,Carico Alare,W_S_max,MTOW,S,b,c root,S_vert,S_orizz,C_L cruise,C_D,C_D_0,C_D_i,E cruise,P_curr,P tot inst,P ice inst,P em inst,Phi climb,Phi cruise,Phi descent,H_P,E batt inst,OEW,W wing,W fus,W tail,W LG,W propuls,W fuelsys,W hydr,W battery,Wfuel,V fuel,W block fuel,W payload,ADP,flight_cost,electricity_cost,maintenance_cost,DOC,PREE,CO2
1,300,398.7697181,32181.40425,107.1943427,34.33857554,4.546191672,21.43886854,32.15830281,0.564645137,0.025726595,0.016236837,0.009489758,21.94791542,5570168.612,6686877.085,4012126.251,2815527.194,0.1,0.1,0.1,0.4,4442473.436,27644.57644,4767.024578,2185.311504,1672.162745,1270.288984,2049.432899,218.2273899,1206.867386,10307.57842,816.8278113,1021.034764,236.57025,3720,35.96971931,1717.043815,2221.236718,705.8019584,0.272094098,0.728054352,747.5619899
2,325,398.7697181,30930.56807,95.10558255,32.3444185,4.306671684,19.02111651,28.53167476,0.611698899,0.028209127,0.017071841,0.011137286,21.68443236,6141716.421,7373008.909,4423805.345,3104424.804,0.1,0.1,0.1,0.4,4193652.66,26370.19615,4270.460278,2185.311504,1483.585868,1220.951195,2246.892558,206.0960078,1073.065747,9730.255962,840.3719127,1050.464891,260.8444178,3720,34.92419752,1715.666138,2096.82633,691.0817479,0.270286249,0.660301652,824.2683604
3,280,398.7697181,32241.20184,115.0612976,35.57631619,4.694992624,23.01225952,34.51838929,0.527002128,0.023996556,0.015729922,0.008266634,21.96157387,4962840.249,5957791.416,3574674.849,2508543.754,0.1,0.1,0.3,0.4,4328425.908,27691.16233,5060.42231,2185.311504,1794.882178,1272.614107,1838.461356,225.7414428,1293.940953,10042.96145,830.0395066,1037.549383,262.5543984,3720,35.84344128,1724.57305,2164.212954,702.9871162,0.272623541,0.656001198,829.671899
4,300,398.7697181,30772.08618,102.5202823,33.58158878,4.455235701,20.50405645,30.75608468,0.564645137,0.025913037,0.016423278,0.009489758,21.79000276,5327289.145,6395305.096,3837183.058,2692760.041,0.1,0.1,0.3,0.4,4040824.186,26211.2948,4540.030214,2185.311504,1599.250411,1214.898295,1965.213197,213.6260388,1155.133632,9375.658124,840.7913845,1050.989231,281.8352247,3720,34.54646945,1720.414812,2020.412093,684.402693,0.27006946,0.611123042,890.5993101
5,350,398.7697181,30109.1518,85.98017371,30.75356745,4.115818623,17.19603474,25.79405211,0.65875266,0.030829315,0.0179127,0.012916615,21.36773572,6797791.655,8160614.232,4896368.539,3436048.098,0.1,0.1,0.1,0.4,4014590.038,25514.45104,3900.586483,2185.311504,1341.235364,1188.707446,2472.415772,196.394582,972.0632752,9314.788758,874.7007535,1093.375942,288.7085442,3720,34.29083564,1718.014877,2007.295019,682.4110593,0.269576272,0.596573962,912.3189998
6,300,398.7697181,30423.08179,101.3315073,33.38632326,4.431779959,20.26630147,30.3994522,0.564645137,0.025962902,0.016473144,0.009489758,21.74815182,5265516.512,6321148.274,3792688.964,2661536.115,0.3,0.1,0.1,0.4,3943827.448,25859.01782,4482.641335,2185.311504,1580.706287,1200.810552,1943.761886,212.438379,1141.975952,9150.602984,844.0639771,1055.079971,290.6079271,3720,34.19409665,1720.570401,1971.913724,679.1034518,0.26949181,0.592674817,918.3210498
7,325,398.7697181,30234.48251,92.97503511,31.98007796,4.262942956,18.59500702,27.89251053,0.611698899,0.028312981,0.017175695,0.011137286,21.60489206,6004130.195,7207839.369,5045487.559,2276159.801,0.1,0.1,0.1,0.3,3928325.823,25648.05207,4165.794128,2185.311504,1450.3507,1193.598818,2333.938954,203.8760554,1049.484277,9114.635585,866.4304367,1083.038046,297.5011698,3720,34.47515207,1721.244853,1964.162912,679.2907409,0.269588587,0.578942261,940.1036964
8,280,398.7697181,31443.20806,112.2268992,35.13539371,4.641974189,22.44537983,33.66806975,0.527002128,0.024094058,0.015827425,0.008266634,21.87270067,4840586.572,5811028.298,4067719.808,1835061.568,0.1,0.1,0.3,0.3,4052973.61,26868.30154,4923.920013,2185.311504,1750.667386,1241.2639,1904.166815,223.0660387,1262.569071,9403.847631,854.9065205,1068.633151,298.7677963,3720,35.25873119,1729.400579,2026.486805,690.0900054,0.271717299,0.576487835,944.1062363
9,325,398.7697181,29431.2276,90.48627496,31.54915252,4.211236844,18.09725499,27.14588249,0.611698899,0.028439857,0.017302571,0.011137286,21.50850815,5843411.353,7014899.584,4208939.75,2953641.93,0.1,0.1,0.3,0.4,3761677.061,24846.38588,4044.659304,2185.311504,1411.527643,1161.64768,2143.956191,201.2489587,1021.938012,8727.971441,864.8417227,1081.052153,309.140185,3720,33.38775503,1719.232137,1880.83853,668.0003249,0.268094598,0.557145296,976.8829845
10,280,398.7697181,30677.74983,109.5061333,34.70687923,4.590459084,21.90122665,32.85183998,0.527002128,0.024191865,0.015925231,0.008266634,21.78427068,4723234.11,5670148.991,3402089.395,2387431.154,0.3,0.1,0.3,0.4,3890357.801,26103.25324,4793.937857,2185.311504,1708.22519,1211.170582,1754.86483,220.4645076,1232.454904,9026.540885,854.4965924,1068.120741,309.9570503,3720,34.27408406,1727.538386,1945.178901,679.3888853,0.270306395,0.555676988,979.4642789
11,325,398.7697181,29078.47659,89.40763693,31.36054856,4.188611555,17.88152739,26.82229108,0.611698899,0.028496821,0.017359535,0.011137286,21.4655139,5773755.201,6931278.752,4158767.251,2918433.159,0.3,0.1,0.1,0.4,3660333.816,24489.73283,3992.260351,2185.311504,1394.701584,1147.79995,2119.881835,200.0986567,1009.999357,8492.831388,868.7437642,1085.929705,318.6580133,3720,33.0259368,1719.553459,1830.166908,662.567322,0.267520539,0.540504217,1006.959322
12,300,398.7697181,29941.89793,99.73706686,33.12261668,4.400107285,19.94741337,29.92112006,0.564645137,0.026031454,0.016541696,0.009489758,21.69087988,5182664.171,6221685.679,4355179.975,1964742.846,0.1,0.1,0.3,0.3,3750406.313,25355.44294,4405.516352,2185.311504,1555.834042,1181.915427,2030.990259,210.8339559,1124.328258,8701.820667,866.4549911,1083.068739,319.8813058,3720,33.93144712,1725.502587,1875.203156,670.768684,0.269109688,0.538437217,1010.824926
13,350,398.7697181,29410.27286,84.08809436,30.41330363,4.075027144,16.81761887,25.22642831,0.65875266,0.03094056,0.018023945,0.012916615,21.29090952,6648199.48,7981031.789,5586722.252,2520325.828,0.1,0.1,0.1,0.3,3733587.529,24785.34736,3806.748947,2185.311504,1311.720144,1162.548076,2570.072529,194.316734,951.1212336,8662.797152,904.9255018,1131.156877,329.4144294,3720,33.85513705,1724.671081,1866.793765,670.3223331,0.26896618,0.522855056,1040.949597
14,300,398.7697181,29152.39841,97.09712397,32.68131521,4.347116004,19.41942479,29.12913719,0.564645137,0.026149386,0.016659628,0.009489758,21.593055,5045484.104,6057003.727,3634202.236,2550317.359,0.3,0.1,0.3,0.4,3582092.345,24567.1821,4279.014773,2185.311504,1514.652632,1150.630475,1867.245442,208.1477638,1095.108662,8311.292857,865.2163121,1081.52039,331.1043522,3720,32.89672419,1723.457561,1791.046172,659.6096122,0.267626822,0.520186457,1046.289753
15,350,398.7697181,29674.23041,82.80528837,30.18042697,4.047115952,16.56105767,24.84158651,0.65875266,0.031018595,0.018101979,0.012916615,21.23734712,6546777.868,7859277.153,4715566.292,3309169.327,0.1,0.1,0.3,0.4,3595204.361,25039.74862,4620.921862,2185.311504,1291.709197,1144.81237,2386.265654,192.8940652,936.922793,8341.715803,914.4817814,1143.102227,346.3511293,3720,33.76786528,1731.0441,1797.60218,674.4250644,0.270142644,0.497287248,1094.469569
16,325,398.7697181,28574.08435,87.85650919,31.08732219,4.155840397,17.57130184,26.35695276,0.611698899,0.028580947,0.017443661,0.011137286,21.4023313,5673586.668,6811028.413,4767719.889,2150851.078,0.1,0.1,0.3,0.3,3453252.195,23961.41613,3916.782535,2185.311504,1370.50499,1127.886336,2212.293563,198.4316993,992.8310595,8012.353545,892.6682266,1115.835283,350.1817312,3720,32.75123919,1724.932046,1726.626097,653.6528067,0.267123441,0.491847474,1106.574271
17,300,398.7697181,28516.65327,94.99067755,32.3248736,4.304325601,18.99813551,28.49720326,0.564645137,0.026247702,0.016757944,0.009489758,21.51217414,4936026.26,5925601.752,3555361.051,2494990.211,0.1,0.2,0.1,0.4,3400247.144,23920.61346,4178.285299,2185.311504,1481.793424,1125.667817,1829.116917,205.9769474,1071.793948,7889.369418,876.0398078,1095.04976,351.551612,3720,32.24328906,1724.933588,1700.123572,649.7975915,0.26669066,0.489930907,1110.903094
18,325,398.7697181,28187.45224,86.67551072,30.87767183,4.130699234,17.33510214,26.00265322,0.611698899,0.028646822,0.017509536,0.011137286,21.35311564,5597320.296,6719472.144,4703630.501,2121938.572,0.3,0.1,0.1,0.3,3342835.893,23570.71784,3859.724679,2185.311504,1352.082174,1112.72451,2184.17885,197.152183,979.7594517,7756.161876,896.7343987,1120.917998,360.4071736,3720,32.34914575,1725.216148,1671.417947,647.6762389,0.266484157,0.477892819,1138.886668
19,325,398.7697181,27761.87253,85.37479522,30.64510968,4.102815292,17.07495904,25.61243857,0.611698899,0.02872128,0.017583994,0.011137286,21.29775887,5513322.853,6618634.878,3971180.927,2786793.633,0.3,0.1,0.3,0.4,3278773.384,23150.79143,3797.218189,2185.311504,1331.79185,1096.025751,2029.738623,195.7323864,965.3627838,7607.521858,891.0810986,1113.851373,361.8057562,3720,31.65987429,1722.812342,1639.386692,642.065691,0.265584117,0.476045494,1143.30619
20,280,398.7697181,28936.39451,103.2867801,33.70689219,4.470288855,20.65735602,30.98603403,0.527002128,0.024432618,0.016165984,0.008266634,21.56961386,4454980.086,5348115.349,3208869.209,2251838.042,0.1,0.2,0.3,0.4,3402489.977,24333.79493,4498.348146,2185.311504,1611.207284,1142.380922,1661.006258,214.3880093,1163.617436,7894.573317,882.5995757,1103.24947,363.7701207,3720,32.50584505,1731.032913,1701.244989,652.8196309,0.267715022,0.473474841,1149.513581
21,350,398.7697181,28919.65004,84.1975798,30.43309675,4.077399675,16.83951596,25.25927394,0.65875266,0.030933999,0.018017384,0.012916615,21.29542482,6656855.653,7991423.353,4794854.012,3364809.833,0.3,0.1,0.1,0.4,3563944.004,24255.11062,3811.452737,2185.311504,1313.428047,1164.061791,2424.065232,194.4376302,952.3330479,8269.184458,944.5394186,1180.674273,367.39701,3720,33.04473142,1731.921106,1781.972002,663.8424286,0.269052668,0.468800767,1160.974552
22,300,398.7697181,28182.80421,93.88383245,32.13599472,4.281655009,18.77676649,28.16514973,0.564645137,0.026300952,0.016811194,0.009489758,21.46861982,4878510.968,5856555.784,4099589.049,1849438.669,0.3,0.1,0.3,0.3,3252798.688,23569.55191,4125.300373,2185.311504,1464.527353,1112.551047,1918.248202,204.8262026,1059.54309,7547.254482,893.2523068,1116.565384,373.5047441,3720,32.11550577,1728.787433,1626.399344,643.7290217,0.266441939,0.461134705,1180.274992
23,325,398.7697181,27240.55905,84.10643745,30.41662065,4.075424741,16.82128749,25.23193123,0.611698899,0.028795893,0.017658607,0.011137286,21.24257467,5431415.003,6520306.127,3912183.676,2745392.053,0.1,0.2,0.1,0.4,3107456.786,22610.69214,3736.005172,2185.311504,1312.006285,1079.742417,2001.343128,194.3369946,951.3242598,7210.027241,909.8669116,1137.33364,386.8339833,3720,31.11158264,1726.270484,1553.728393,633.8726123,0.265052367,0.445245266,1222.395387
24,300,398.7697181,27391.97963,91.22579891,31.67781223,4.226672881,18.24515978,27.36773967,0.564645137,0.026433576,0.016943818,0.009489758,21.36090586,4740390.853,5690745.322,3414447.193,2396103.293,0.1,0.2,0.3,0.4,3080346.762,22777.66213,3999.234379,2185.311504,1423.063741,1081.051807,1760.857968,202.033485,1030.123262,7147.12564,894.3175039,1117.89688,387.075255,3720,31.08024782,1727.33248,1540.173381,632.340166,0.264999534,0.444967736,1223.157806
25,300,398.7697181,27127.96457,90.35177274,31.52569587,4.20842277,18.07035455,27.10553182,0.564645137,0.026478723,0.016988965,0.009489758,21.32448495,4694973.595,5636222.803,3381733.682,2373146.443,0.3,0.2,0.1,0.4,3005293.369,22510.66098,3957.868852,2185.311504,1409.429495,1070.694099,1744.990447,201.1059123,1020.449306,6972.984196,897.3035863,1121.629483,394.1027794,3720,30.80723357,1727.528441,1502.646684,628.2447577,0.264561612,0.437033203,1245.364783
26,350,398.7697181,29007.19809,81.66096886,29.97116376,4.022039568,16.33219377,24.49829066,0.65875266,0.031090077,0.018173462,0.012916615,21.18851812,6456305.317,7750666.647,5425466.653,2447578.941,0.1,0.1,0.3,0.3,3302279.53,24326.22034,4522.446358,2185.311504,1273.858549,1128.991349,2499.836225,191.6152416,924.2571577,7662.061618,960.9777518,1201.22219,398.4922247,3720,33.35304018,1741.04266,1651.139765,662.8497564,0.26996557,0.432219224,1259.23543
27,280,398.7697181,27660.02256,98.71875367,32.95309227,4.379749135,19.74375073,29.6156261,0.527002128,0.02462666,0.016360026,0.008266634,21.39965907,4257951.32,5111586.218,3066951.731,2152246.829,0.3,0.2,0.3,0.4,3045249.207,23038.30849,4283.18375,2185.311504,1539.949012,1091.856029,1591.877238,209.8022521,1113.057294,7065.691094,901.7140701,1127.142588,401.8422594,3720,31.19734481,1733.153728,1522.624603,633.1761386,0.265747163,0.428615946,1269.82154
28,280,398.7697181,27817.39816,99.27751893,33.04622079,4.390932654,19.85550379,29.78325568,0.527002128,0.024602065,0.016335431,0.008266634,21.42105267,4282052.062,5140518.682,3598363.078,1623321.689,0.1,0.2,0.3,0.3,3043558.327,23186.96249,4309.20661,2185.311504,1548.66539,1098.036275,1696.123438,210.3690491,1119.241858,7061.767858,910.4356704,1138.044588,407.924688,3720,31.54997568,1735.858766,1521.779164,634.8048815,0.266233862,0.422224997,1289.042014
29,325,398.7697181,27542.66512,83.11710537,30.23719827,4.05391972,16.62342107,24.93513161,0.611698899,0.028855523,0.017718237,0.011137286,21.19867652,5367526.04,6443608.692,4510526.084,2034823.797,0.3,0.1,0.3,0.3,2950956.54,22893.43528,4325.20604,2185.311504,1296.573341,1067.041258,2099.355285,193.2409316,940.3740671,6846.910031,929.2298423,1161.537303,410.9443339,3720,31.61796176,1734.886241,1475.47827,636.7560802,0.266343771,0.41912246,1298.584095
30,350,398.7697181,28623.89536,81.71524082,29.98112154,4.023232725,16.34304816,24.51457225,0.65875266,0.031086646,0.01817003,0.012916615,21.19085682,6460596.185,7755817.749,4653490.649,3265607.473,0.3,0.1,0.3,0.4,3185344.904,23916.46159,4524.871448,2185.311504,1274.705157,1129.741697,2356.649577,191.6761032,924.8578544,7390.745909,987.4337645,1234.292206,423.969528,3720,32.66411014,1745.54827,1592.672452,658.0201775,0.269929187,0.406246177,1339.743709
31,300,398.7697181,26125.54058,87.03901139,30.94235164,4.138455172,17.40780228,26.11170342,0.564645137,0.026657266,0.017167508,0.009489758,21.1816596,4522831.681,5429569.845,3257741.907,2286134.672,0.3,0.2,0.3,0.4,2717197.82,21490.65481,3801.593313,2185.311504,1357.752551,1031.436035,1684.774331,197.5469707,983.7827746,6304.535076,914.885768,1143.60721,426.8402255,3720,29.75954861,1729.914031,1358.59891,612.5396162,0.26306578,0.403513984,1348.815113
32,300,398.7697181,26284.65595,87.5667566,31.03601654,4.149687476,17.51335132,26.27002698,0.564645137,0.026628005,0.017138246,0.009489758,21.20493615,4550255.048,5462491.054,3823743.738,1724997.175,0.1,0.2,0.3,0.3,2713828.4,21640.3829,3826.207264,2185.311504,1365.985036,1037.690105,1796.18231,198.1186111,989.6240002,6296.717232,924.2730521,1155.341315,433.4747322,3720,30.12777042,1732.791297,1356.9142,614.1686129,0.263571849,0.397338039,1369.780154
33,325,398.7697181,27138.75384,82.94470635,30.20582344,4.050159558,16.58894127,24.88341191,0.611698899,0.028866046,0.01772876,0.011137286,21.19094855,5356392.878,6430243.551,3858146.131,2707470.969,0.1,0.2,0.3,0.4,2828789.618,22463.32206,4309.789946,2185.311504,1293.884027,1064.82798,1975.315353,193.0492384,938.4659085,6563.454172,955.4317809,1194.289726,437.3747236,3720,30.94686136,1739.498822,1414.394809,631.3406599,0.266253609,0.393795047,1382.104127
34,300,398.7697181,25601.27286,85.26553972,30.62549488,4.100463734,17.05310794,25.57966192,0.564645137,0.026758002,0.017268244,0.009489758,21.10191722,4430676.293,5318939.127,3191363.476,2239553.317,0.1,0.3,0.1,0.4,2568779.428,20958.44369,3718.366866,2185.311504,1330.087534,1010.419438,1652.488081,195.612616,964.1535146,5960.169659,922.8291656,1153.536457,442.9446235,3720,29.20892361,1730.866614,1284.389714,604.2875101,0.262246018,0.388843189,1399.70501
35,350,398.7697181,27686.14769,79.05357084,29.48879922,3.964254281,15.81071417,23.71607125,0.65875266,0.031259951,0.018343336,0.012916615,21.0733748,6250158.391,7503191.346,4501914.808,3159238.461,0.1,0.2,0.1,0.4,2953312.677,22973.22109,4306.331603,2185.311504,1233.184818,1092.942284,2284.249308,188.6659729,895.3977772,6852.376821,992.9266006,1241.158251,445.1461848,3720,31.69223663,1745.233337,1476.656338,643.4468164,0.268257179,0.386920086,1406.661944
36,280,398.7697181,26239.39838,93.64460905,32.09502609,4.276738043,18.72892181,28.09338271,0.527002128,0.024862057,0.016595423,0.008266634,21.19704465,4039092.592,4848850.651,2909310.391,2041621.327,0.1,0.3,0.3,0.4,2645734.697,21594.62616,4046.095943,2185.311504,1460.795622,1035.733324,1514.886675,204.576562,1056.895301,6138.7239,924.7722237,1155.96528,445.9374966,3720,29.72462481,1735.919074,1322.867348,611.0930258,0.26357771,0.3862335,1409.162489
37,280,398.7697181,26452.94772,94.40270867,32.22467681,4.292298908,18.88054173,28.3208126,0.527002128,0.02482544,0.016558806,0.008266634,21.2283098,4071791.053,4888104.505,3421673.154,1543611.949,0.3,0.2,0.3,0.3,2662879.486,21802.38228,4081.215896,2185.311504,1472.621488,1044.118295,1617.461486,205.3665353,1065.286151,6178.503824,930.5654437,1163.206805,448.319045,3720,30.12998249,1737.985843,1331.439743,613.6736721,0.264099631,0.384181761,1416.688182
38,325,398.7697181,27053.40527,83.17027429,30.24686789,4.055078611,16.63405486,24.95108229,0.611698899,0.028852286,0.017715,0.011137286,21.20105514,5370959.576,6447730.583,3868638.35,2714833.93,0.3,0.2,0.1,0.4,2772246.896,22362.90833,4326.088769,2185.311504,1297.402742,1067.723847,1980.370512,193.3000091,940.962555,6432.261821,970.4969401,1213.121175,450.8460067,3720,30.85290331,1742.641411,1386.123448,629.9777241,0.26645347,0.382028447,1424.673381
39,280,398.7697181,25196.64394,89.93958302,31.45370269,4.199786112,17.9879166,26.98187491,0.527002128,0.025049014,0.01678238,0.008266634,21.03883725,3879286.883,4657007.062,2794204.237,1960845.079,0.3,0.3,0.3,0.4,2351428.323,20535.56964,3874.317084,2185.311504,1402.999601,994.7538789,1458.527605,200.6668449,1015.887079,5455.86421,941.0742927,1176.342866,477.6380031,3720,28.63391674,1737.716736,1175.714161,594.7597342,0.261945308,0.360599447,1509.33609
40,300,398.7697181,25401.58205,83.55562561,30.31685804,4.063467106,16.71112512,25.06668768,0.564645137,0.026858796,0.017369038,0.009489758,21.02272689,4341823.564,5212273.186,3648591.23,1645981.006,0.3,0.2,0.3,0.3,2336126.973,20730.96278,4034.500075,2185.311504,1303.413975,990.1560504,1718.448979,193.7275958,945.2277267,5420.361496,950.619273,1188.274091,478.0506093,3720,29.16294242,1739.193578,1168.063486,599.7846341,0.262675476,0.360288214,1510.639925
41,350,398.7697181,26102.59629,74.53332167,28.63331169,3.861833386,14.90666433,22.3599965,0.65875266,0.031579952,0.018663337,0.012916615,20.85983723,5892777.023,7074162.093,4244497.256,2978594.565,0.1,0.2,0.3,0.4,2559762.882,21380.31039,3943.407431,2185.311504,1162.671841,1030.446876,2161.008937,183.4301133,845.3664473,5939.249162,1002.285896,1252.85737,481.1730171,3720,30.03500128,1744.703123,1279.881441,618.6143763,0.265408864,0.357950246,1520.506734
42,325,398.7697181,25707.19843,79.02660258,29.4837689,3.9636518,15.80532052,23.70798077,0.611698899,0.029116422,0.017979136,0.011137286,21.00872483,5103370.062,6126494.673,3675896.804,2579576.704,0.3,0.2,0.3,0.4,2440004.499,21007.71242,4008.005923,2185.311504,1232.764131,1014.526988,1887.391885,188.6352055,895.0992854,5661.381676,979.4860013,1224.357502,481.6282767,3720,29.44716105,1742.207418,1220.00225,608.9080975,0.264038538,0.357611893,1521.945354
43,300,398.7697181,25006.89917,84.21125924,30.43556886,4.077696,16.84225185,25.26337777,0.564645137,0.026819709,0.017329951,0.009489758,21.05336559,4375892.432,5253172.187,3151903.312,2211861.973,0.1,0.3,0.3,0.4,2345327.161,20327.87495,3668.481563,2185.311504,1313.641437,997.9256538,1633.27784,194.4527295,952.4844555,5441.708086,959.024216,1198.78027,483.1220061,3720,28.56888652,1737.960952,1172.66358,594.7979001,0.26197702,0.35650622,1526.665539
44,350,398.7697181,25718.62517,73.4165068,28.41797978,3.836066827,14.68330136,22.02495204,0.65875266,0.031664537,0.018747921,0.012916615,20.80411486,5804479.054,6968162.129,4180897.278,2933963.002,0.3,0.2,0.1,0.4,2466166.944,20996.94388,3855.578738,2185.311504,1145.250248,1015.006206,2130.502341,182.1111358,833.0052409,5722.084675,1001.681293,1252.101616,487.2362499,3720,29.63247444,1743.825385,1233.083472,612.5847051,0.264633138,0.353495866,1539.66655
45,300,398.7697181,25198.15641,83.57819533,30.3209523,4.063957828,16.71563907,25.0734586,0.564645137,0.026857441,0.017367683,0.009489758,21.02378737,4342996.36,5213681.105,3128208.663,2195234.149,0.3,0.3,0.1,0.4,2284351.087,20515.7327,4035.192956,2185.311504,1303.766048,990.4235134,1621.736492,193.7526073,945.4775344,5300.229319,962.4237054,1203.029632,489.42129,3720,28.7459777,1740.967094,1142.175543,597.3331991,0.262599344,0.35191767,1546.571276
46,325,398.7697181,25928.73109,79.7329568,29.61524143,3.979399152,15.94659136,23.91988704,0.611698899,0.029069632,0.017932346,0.011137286,21.04254047,5148984.917,6181254.402,4326878.082,1951975.074,0.1,0.2,0.3,0.3,2437992.917,21216.26282,4060.547218,2185.311504,1243.782802,1023.595223,2018.522461,189.4392686,902.9174033,5656.714336,992.4682726,1240.585341,490.5120338,3720,29.9051827,1746.11955,1218.996459,611.3913433,0.264756762,0.351135116,1550.018027
47,350,398.7697181,26214.12721,74.85008603,28.69409253,3.869107416,14.97001721,22.45502581,0.65875266,0.031556381,0.018639766,0.012916615,20.87541847,5917821.147,7104227.068,4972958.947,2243440.127,0.1,0.2,0.1,0.3,2525247.815,21479.08844,3967.497118,2185.311504,1167.613161,1034.826346,2302.207342,183.8023364,848.8724802,5859.166127,1015.038765,1268.798456,491.7226996,3720,30.41162139,1748.342367,1262.623908,619.2552,0.265889531,0.35027059,1553.843731
48,325,398.7697181,25049.972,77.01983245,29.10701216,3.918535593,15.40396649,23.10594973,0.611698899,0.029253616,0.01811633,0.011137286,20.9101982,4973777.112,5970920.902,3582552.541,2514071.959,0.1,0.3,0.1,0.4,2275365.695,20345.42192,3856.785094,2185.311504,1201.459808,988.7639245,1842.271995,186.3301505,872.8878154,5279.381106,984.5500734,1230.687592,497.2396276,3720,28.75499644,1742.130186,1137.682847,598.5449595,0.262866048,0.346384299,1571.277223
49,280,398.7697181,24004.04093,85.64532902,30.69362506,4.10863181,17.1290658,25.69359871,0.527002128,0.025283955,0.017017321,0.008266634,20.84334217,3694066.509,4434653.672,2660792.203,1867222.599,0.1,0.4,0.3,0.4,2016854.405,19324.43571,3676.661642,2185.311504,1336.012003,947.2573705,1393.046278,196.0286128,968.3571244,4679.574392,959.6052188,1199.506524,514.05159,3720,27.37413691,1739.761453,1008.427202,575.9149201,0.260058598,0.335055865,1624.403025
50,300,398.7697181,24319.72373,80.98302041,29.84649434,4.00710234,16.19660408,24.29490612,0.564645137,0.027017719,0.017527961,0.009489758,20.89906785,4208142.584,5051791.818,3031075.091,2127070.239,0.3,0.3,0.3,0.4,2044952.112,19620.40521,3848.608966,2185.311504,1263.282989,959.6693518,1574.374582,190.8531905,916.7534425,4744.767652,979.3185255,1224.148157,518.1284297,3720,27.8165959,1742.997747,1022.476056,583.4586188,0.261269229,0.332419512,1637.285838
51,350,398.7697181,24365.10757,69.54701433,27.65894354,3.745287124,13.90940287,20.8641043,0.65875266,0.031976755,0.01906014,0.012916615,20.60098504,5498548.017,6600897.98,3960538.788,2779325.465,0.3,0.2,0.3,0.4,2125460.387,19634.59212,3555.544996,2185.311504,1084.888656,961.5081119,2024.618157,177.4582624,790.1766606,4931.565697,1010.515445,1263.144307,518.9230202,3720,28.19405753,1743.519987,1062.730193,591.0640216,0.262181992,0.331910502,1639.796744
52,325,398.7697181,23909.16783,73.50362771,28.43483611,3.838083648,14.70072554,22.05108831,0.611698899,0.029510439,0.018373154,0.011137286,20.72822058,4746708.082,5698329.03,3418997.418,2399296.434,0.1,0.3,0.3,0.4,1989862.121,19196.30996,3596.492151,2185.311504,1146.609278,943.6226989,1763.064393,182.2144021,833.9695185,4616.945976,992.8578786,1241.072348,524.0620438,3720,27.54432433,1741.877691,994.9310607,580.4332306,0.260803681,0.328655742,1656.036058
53,280,398.7697181,23844.28362,85.07709996,30.59163447,4.0964044,17.01541999,25.52312999,0.527002128,0.025316653,0.01705002,0.008266634,20.8164215,3669557.572,4405231.179,3083661.825,1391125.635,0.3,0.3,0.3,0.3,1932755.696,19153.73566,3650.476298,2185.311504,1327.147995,940.9724922,1466.393146,195.4058523,962.0678128,4484.445699,970.5479551,1213.184944,527.1175445,3720,27.37000287,1742.282363,966.3778479,572.6864945,0.259979141,0.326750649,1665.691441
54,325,398.7697181,24168.62172,74.29524397,28.58754421,3.856356392,14.85904879,22.28857319,0.611698899,0.029450682,0.018313396,0.011137286,20.7702796,4797828.978,5759698.653,4031789.057,1818852.206,0.3,0.2,0.3,0.3,2005012.87,19447.12064,3653.790552,2185.311504,1158.957982,953.7855031,1888.284335,183.1498093,842.7313395,4652.09926,1001.501075,1251.876344,528.2584684,3720,28.0342076,1744.771505,1002.506435,583.6554226,0.26149053,0.326044939,1669.29676
55,350,398.7697181,24588.71333,70.21076747,27.79061788,3.761029842,14.04215349,21.06323024,0.65875266,0.031920961,0.019004346,0.012916615,20.63699322,5551025.878,6663896.612,4664727.629,2104388.404,0.1,0.2,0.3,0.3,2120582.754,19843.99588,3605.306993,2185.311504,1095.242778,970.6848949,2167.103989,178.2658215,797.5232584,4920.248448,1024.717444,1280.896805,528.8119963,3720,28.67455251,1747.734576,1060.291377,593.5394798,0.262933308,0.325703655,1671.045908
56,325,398.7697181,23642.00612,72.68800459,28.27663436,3.819156555,14.53760092,21.80640138,0.611698899,0.029573255,0.018435969,0.011137286,20.68419267,4694036.874,5635098.288,3381058.973,2372672.963,0.3,0.3,0.1,0.4,1922729.336,18928.56305,3537.067258,2185.311504,1133.886082,933.1516984,1744.663098,181.2451106,824.9419831,4461.182196,993.4430646,1241.803831,528.9807753,3720,27.2605715,1741.435662,961.3646678,576.1922763,0.260277766,0.325599735,1671.57925
57,300,398.7697181,23808.11016,79.29250337,29.53332926,3.96958776,15.85850067,23.78775101,0.564645137,0.027127254,0.017637496,0.009489758,20.81468068,4120297.79,4946335.883,2967801.53,2082667.74,0.1,0.4,0.1,0.4,1917124.543,19104.42834,3729.138385,2185.311504,1236.912012,939.6358754,1543.47886,188.9383265,898.0423466,4448.177765,983.6818255,1229.602282,530.3766423,3720,27.27486914,1742.935673,958.5622716,575.360186,0.260352775,0.324742808,1675.99019
58,350,398.7697181,23706.25385,67.67991317,27.2851433,3.700609142,13.53598263,20.30397395,0.65875266,0.032139078,0.019222463,0.012916615,20.49693716,5350930.675,6423686.285,3854211.771,2704710.015,0.1,0.3,0.1,0.4,1957115.666,18970.73785,3413.589912,2185.311504,1055.76308,935.694345,1973.419593,175.1648201,769.5110843,4540.966532,1015.516007,1269.395009,534.9445134,3720,27.48752587,1743.507501,978.5578329,580.5065285,0.260994946,0.321969841,1690.424662
59,300,398.7697181,24028.59738,80.02130575,29.66874388,3.985808031,16.00426115,24.00639172,0.564645137,0.027079515,0.017589757,0.009489758,20.85137579,4158168.746,4991799.214,3494259.45,1576357.647,0.1,0.3,0.3,0.3,1927884.415,19315.99464,3779.658076,2185.311504,1248.28086,948.2725476,1649.800976,189.7664352,906.1089268,4473.143187,992.6027353,1240.753419,535.5981667,3720,27.69374782,1745.851247,963.9422074,578.0476515,0.260982016,0.321576904,1692.490207
60,280,398.7697181,23411.87477,83.23835023,30.25924408,4.056561893,16.64767005,24.97150507,0.527002128,0.025425242,0.017158608,0.008266634,20.72751695,3590248.357,4310022.038,2586013.223,1814746.121,0.3,0.4,0.3,0.4,1777124.081,18710.76362,3752.301994,2185.311504,1298.464683,920.635075,1356.264818,193.3756214,941.7160377,4123.343918,981.1111522,1226.38894,545.2720595,3720,26.72790205,1744.367155,888.5620407,566.238158,0.2594891,0.315871677,1723.059708
61,300,398.7697181,22916.42481,76.34147841,28.97854832,3.903155829,15.26829568,22.90244352,0.564645137,0.027329047,0.017839289,0.009489758,20.6609887,3966952.883,4762248.358,2857349.015,2005157.204,0.1,0.4,0.3,0.4,1693265.767,18204.86337,3523.537988,2185.311504,1190.877922,904.6647898,1489.460297,185.5438898,865.379611,3928.772995,991.56144,1239.4518,552.0253715,3720,26.32438806,1742.882346,846.6328833,561.1651075,0.258752629,0.312007398,1744.400174
62,325,398.7697181,22632.93687,69.57231934,27.663975,3.745888633,13.91446387,20.8716958,0.611698899,0.02982561,0.018688325,0.011137286,20.50918305,4492832.541,5393556.472,3236133.883,2270971.146,0.3,0.3,0.3,0.4,1667784.721,17911.71516,3312.666379,2185.311504,1085.283398,893.1524582,1674.268143,177.4891235,790.4567433,3869.651004,1001.221712,1251.52714,553.1809398,3720,26.17634657,1741.282763,833.8923605,560.0000361,0.258442149,0.31135563,1748.05177
63,300,398.7697181,22691.57563,75.56130152,28.83009394,3.885385153,15.1122603,22.66839046,0.564645137,0.027384801,0.017895043,0.009489758,20.61892406,3926412.34,4713580.24,2828148.144,1984665.364,0.3,0.4,0.1,0.4,1639494.606,17980.38811,3470.00624,2185.311504,1178.707665,895.4193222,1475.160364,184.6350864,856.744404,3804.011315,991.1875274,1238.984409,555.3624895,3720,26.08533535,1742.279581,819.7473032,557.5935597,0.258283839,0.310132577,1754.945467
64,350,398.7697181,22567.4442,64.41925827,26.6197641,3.621129788,12.88385165,19.32577748,0.65875266,0.03244323,0.019526614,0.012916615,20.30478068,5093135.748,6114208.581,3668525.149,2574403.613,0.1,0.3,0.3,0.4,1666606.589,17823.84657,3170.311078,2185.311504,1004.898962,890.6139532,1883.830839,171.0789675,733.4212815,3866.917462,1023.597626,1279.497033,562.3095171,3720,26.25621882,1743.349532,833.3032944,562.1250954,0.258912906,0.306301058,1776.898074
65,300,398.7697181,22713.85941,75.63485973,28.84412344,3.887064439,15.12697195,22.69045792,0.564645137,0.0273795,0.017889741,0.009489758,20.62291662,3930234.665,4718168.865,3302718.206,1489948.063,0.3,0.3,0.3,0.3,1603261.214,17992.85019,3474.305756,2185.311504,1179.855125,896.2910218,1564.387629,184.7209805,857.5585659,3719.941363,1001.009223,1251.261529,564.5627859,3720,26.28481596,1744.960365,801.6306071,557.1822078,0.258538705,0.305078557,1784.018404
66,325,398.7697181,22134.42046,68.051575,27.35995842,3.709549777,13.610315,20.4154725,0.611698899,0.029956474,0.018819188,0.011137286,20.41958936,4394626.103,5275661.588,3165396.953,2221331.195,0.1,0.4,0.1,0.4,1539761.787,17408.69509,3204.844587,2185.311504,1061.560765,873.6291326,1639.848336,175.6239566,773.624737,3572.607826,1005.725368,1257.15671,565.6889758,3720,25.63656407,1741.341275,769.8808936,551.9502513,0.257544701,0.304471198,1787.577163
67,350,398.7697181,22298.72824,63.65799747,26.46200998,3.602295816,12.73159949,19.09739924,0.65875266,0.032518364,0.019601749,0.012916615,20.25786575,5032948.706,6041955.229,3625173.137,2543981.149,0.3,0.3,0.1,0.4,1597842.73,17554.81164,3114.472935,2185.311504,993.0237837,880.0891065,1862.881076,170.1096016,724.9954428,3707.36921,1023.916598,1279.895747,567.1734543,3720,25.965562,1742.865214,798.9213649,557.7908054,0.258371759,0.303674297,1792.268116
68,325,398.7697181,22350.22364,68.71013281,27.49202541,3.725334083,13.74202656,20.61303984,0.611698899,0.029899149,0.018761864,0.011137286,20.45873913,4437154.367,5326715.927,3728701.149,1682120.819,0.1,0.3,0.3,0.3,1547816.129,17614.88283,3250.563884,2185.311504,1071.833843,882.0836999,1754.024666,176.4343099,780.9138315,3591.295784,1015.340806,1269.176007,571.5332613,3720,26.06709147,1744.413522,773.9080644,554.5600788,0.258182818,0.301357789,1806.045106
69,350,398.7697181,23255.04858,66.39972383,27.02585729,3.669629811,13.27994477,19.91991715,0.65875266,0.032255214,0.019338599,0.012916615,20.42313721,5249715.942,6302180.002,5041744.002,1326774.737,0.1,0.2,0.3,0.2,1729647.143,18489.83314,3315.503988,2185.311504,1035.79295,917.9949951,2173.325808,173.573166,755.3416054,4013.186307,1045.215437,1306.519296,571.5520654,3720,27.45981866,1750.537307,864.8235717,571.1764437,0.260736617,0.301347874,1806.104527
70,300,398.7697181,21888.28442,72.90663678,28.31912789,3.824240133,14.58132736,21.87199104,0.564645137,0.027582682,0.018092924,0.009489758,20.47100179,3788467.279,4547979.926,2728787.956,1914938.916,0.3,0.4,0.3,0.4,1435680.848,17169.47188,3289.215848,2185.311504,1137.296604,863.9603095,1426.441896,181.505489,827.3618628,3331.115679,998.8125341,1248.515668,575.3767288,3720,25.21992994,1742.331432,717.8404239,544.6921739,0.256840791,0.299344745,1818.190463
71,280,398.7697181,22336.98689,79.70188242,29.60946988,3.978707815,15.94037648,23.91056473,0.527002128,0.025646882,0.017380249,0.008266634,20.54838951,3437712.925,4126906.272,2476143.763,1737644.746,0.1,0.5,0.3,0.4,1492644.042,17618.63722,3515.943315,2185.311504,1243.298061,881.5201674,1302.116101,189.4039741,902.5734637,3463.283626,998.3496759,1247.937095,577.2149374,3720,25.5780865,1745.886128,746.322021,549.1151304,0.25773671,0.298391446,1823.999202
72,350,398.7697181,22159.65002,63.26379017,26.37994867,3.592500197,12.65275803,18.97913705,0.65875266,0.032557927,0.019641312,0.012916615,20.2332495,5001781.764,6004539.933,4203177.953,1896170.505,0.1,0.3,0.1,0.3,1508327.765,17401.53266,3084.718614,2185.311504,986.8744037,874.6389772,1963.981922,169.6052516,720.6322508,3499.673535,1038.117363,1297.646704,583.3792013,3720,26.03359213,1746.377322,754.1638825,554.5300286,0.258399985,0.295238499,1843.478276
73,300,398.7697181,21480.04614,71.55544582,28.05547904,3.792703011,14.31108916,21.46663375,0.564645137,0.027688564,0.018198806,0.009489758,20.39271996,3718254.977,4463691.449,2678214.869,1879449.031,0.1,0.5,0.1,0.4,1331729.154,16757.396,3198.418087,2185.311504,1116.218894,847.9480846,1401.607713,179.8897065,812.4065189,3089.923414,1002.650144,1253.31268,585.5267881,3720,24.77749685,1742.339561,665.8645771,538.1036261,0.256101787,0.294155628,1850.26465
74,325,398.7697181,21256.0851,65.33277004,26.80784345,3.643589194,13.06655401,19.59983101,0.611698899,0.030204375,0.01906709,0.011137286,20.2519964,4219051.457,5064887.703,3038932.622,2132584.296,0.1,0.4,0.3,0.4,1315651.532,16523.29173,3015.076109,2185.311504,1019.149158,838.7251398,1578.20888,172.2343455,743.5322748,3052.619567,1012.793369,1265.991711,587.1064055,3720,24.67922501,1741.243498,657.8257662,537.6859963,0.255931794,0.293364198,1855.256242
75,325,398.7697181,21049.36442,64.70315289,26.67835606,3.628125945,12.94063058,19.41094587,0.611698899,0.03026452,0.019127234,0.011137286,20.21174989,4178392.119,5016076.974,3009646.184,2112032.41,0.3,0.4,0.1,0.4,1262542.162,16316.02857,2971.747836,2185.311504,1009.327536,830.6421284,1563.915036,171.4389383,736.5635033,2929.393393,1013.335845,1266.669806,591.0031979,3720,24.45401276,1740.900105,631.2710808,534.3345818,0.255516854,0.291429895,1867.570105
76,350,398.7697181,21296.7258,60.78284655,25.85751945,3.530163421,12.15656931,18.23485397,0.65875266,0.032817769,0.019901153,0.012916615,20.0730484,4805632.616,5769066.766,3461440.059,2429080.743,0.3,0.3,0.3,0.4,1339958.812,16545.31116,2906.106479,2185.311504,948.1732802,840.3386184,1783.637594,166.392766,693.1725015,3109.018145,1031.414641,1289.268301,591.6945139,3720,24.86772094,1742.783098,669.9794058,541.434662,0.256525685,0.291089398,1869.754664
77,280,398.7697181,21473.99714,76.64377856,29.03586686,3.910017804,15.32875571,22.99313357,0.527002128,0.025853553,0.017586919,0.008266634,20.38412801,3305810.354,3968559.849,2381135.91,1670972.568,0.3,0.5,0.3,0.4,1276800.41,16748.70781,3316.24283,2185.311504,1195.59361,847.696233,1255.184136,185.8947258,868.7255501,2962.475869,1005.289329,1256.611661,597.1169996,3720,24.65055334,1745.485455,638.4002052,535.3037944,0.256140651,0.288445983,1886.889719
78,300,398.7697181,21298.3888,70.91444188,27.92953384,3.777640837,14.18288838,21.27433256,0.564645137,0.02774009,0.018250332,0.009489758,20.35484162,3684946.316,4423705.061,3096593.543,1396959.493,0.1,0.4,0.3,0.3,1248723.984,16565.78951,3155.041203,2185.311504,1106.219646,840.3519016,1472.187823,179.1176109,805.3117154,2897.331987,1012.599286,1265.749108,598.2462037,3720,24.74567903,1744.596119,624.3619921,534.4401962,0.255943791,0.287901534,1890.458004
79,325,398.7697181,21071.63057,64.77098736,26.69233712,3.629795427,12.95419747,19.43129621,0.611698899,0.030257988,0.019120702,0.011137286,20.21611299,4182772.725,5021335.804,3514935.063,1585684.991,0.3,0.3,0.3,0.3,1223723.717,16327.82036,2975.67114,2185.311504,1010.38571,831.5129857,1659.006371,171.5248285,737.3143134,2839.325515,1023.810207,1279.762758,600.8388872,3720,24.66445445,1743.757342,611.8618587,533.863909,0.255784874,0.286659209,1898.650883
80,300,398.7697181,20753.87792,69.11754269,27.57341055,3.73506222,13.82350854,20.73526281,0.564645137,0.027889209,0.01839945,0.009489758,20.24600784,3591573.558,4311612.915,2586967.749,1815415.964,0.1,0.5,0.3,0.4,1148122.297,16025.12692,3036.766504,2185.311504,1078.189175,819.0578574,1356.734686,176.9335979,785.4231533,2663.91252,1008.751003,1260.938754,603.0491643,3720,23.98614896,1742.18609,574.0611484,526.3288339,0.254762201,0.285608554,1905.635359
81,350,398.7697181,20802.92283,59.38548713,25.55856722,3.494512638,11.87709743,17.81564614,0.65875266,0.032972943,0.020056328,0.012916615,19.97858245,4695154.144,5636439.548,3381863.729,2373237.705,0.1,0.4,0.1,0.4,1210679.343,16047.0913,2806.500816,2185.311504,926.3753727,821.0194079,1745.053542,164.5531882,677.7061527,2809.059512,1035.831528,1294.78941,604.3738139,3720,24.32226365,1742.887048,605.3396713,533.3217017,0.255626245,0.284982565,1909.821252
82,350,398.7697181,21017.59187,59.99321974,25.68901355,3.510066791,11.99864395,17.99796592,0.65875266,0.032904633,0.019988018,0.012916615,20.02005803,4743202.891,5694121.118,3985884.782,1798143.511,0.1,0.3,0.3,0.3,1216187.073,16251.27699,2848.847865,2185.311504,935.8556101,829.4216207,1867.983088,165.3559946,684.4327001,2821.838736,1046.31488,1307.8936,610.9542272,3720,24.768717,1746.168764,608.0935367,535.8960745,0.256283904,0.2819131,1930.615358
83,325,398.7697181,20271.09389,62.32911276,26.18435106,3.569156103,12.46582255,18.69873383,0.611698899,0.030501376,0.01936409,0.011137286,20.05479706,4025081.652,4832030.795,2899218.477,2034539.282,0.3,0.4,0.3,0.4,1059731.262,15529.95351,2809.832716,2185.311504,972.2940378,800.1642787,1509.950319,168.4028271,710.2869906,2458.824625,1021.140386,1276.425482,611.3127405,3720,23.59566503,1741.137103,529.8656309,521.576365,0.254110678,0.281747768,1931.74826
84,325,398.7697181,19864.8012,61.04775101,25.91380445,3.536877248,12.2095502,18.3143253,0.611698899,0.030636285,0.019498999,0.011137286,19.96648437,3942334.033,4732693.918,2839616.351,1992713.229,0.1,0.5,0.1,0.4,956302.7565,15120.95526,2723.780487,2185.311504,952.3056193,783.7142155,1480.777403,166.7390061,696.1045351,2218.846279,1023.845934,1279.807417,620.8133112,3720,23.14532859,1740.944312,478.1513782,514.8861058,0.253337687,0.277436062,1961.770063
85,300,398.7697181,20291.24496,67.58841846,27.26669402,3.698404518,13.51768369,20.27652554,0.564645137,0.028021846,0.018532088,0.009489758,20.15017595,3512115.262,4216224.804,2951357.363,1331439.412,0.3,0.4,0.3,0.3,992071.4787,15550.17096,2936.171527,2185.311504,1054.335821,800.9370799,1407.034591,175.0515894,768.4983963,2301.838088,1021.073999,1276.342499,622.3064498,3720,23.63728585,1744.29916,496.0357394,518.1047933,0.254075918,0.276770392,1966.488381
86,300,398.7697181,19929.33036,66.39076864,27.02403477,3.669412091,13.27815373,19.91723059,0.564645137,0.028129661,0.018639903,0.009489758,20.07294473,3449881.461,4141514.359,2484908.615,1743795.519,0.3,0.5,0.3,0.4,935911.8296,15193.26452,2859.194675,2185.311504,1035.653255,786.7444265,1306.440643,173.5619758,755.242487,2171.534554,1016.065836,1270.082295,623.1400613,3720,23.08033231,1742.03034,467.9559148,512.8792923,0.253234279,0.27640014,1969.122594
87,350,398.7697181,19935.47079,56.88841465,25.01544645,3.429784685,11.37768293,17.06652439,0.65875266,0.033267788,0.020351173,0.012916615,19.8015166,4497729.81,5399435.547,3239661.328,2273446.546,0.1,0.4,0.3,0.4,985440.0397,15172.93546,2631.433729,2185.311504,887.4226493,786.4961419,1675.983501,161.2087081,650.0678848,2286.451597,1042.53533,1303.169163,625.8861759,3720,23.35724691,1742.827941,492.7200198,518.9830092,0.254009322,0.275187417,1977.800316
88,350,398.7697181,19729.8109,56.30773609,24.88744858,3.414538125,11.26154722,16.89232083,0.65875266,0.033339827,0.020423211,0.012916615,19.75873078,4451820.019,5344321.751,3206593.051,2250240.737,0.3,0.4,0.1,0.4,931653.2245,14966.96149,2591.334266,2185.311504,878.3644376,778.4679804,1659.898835,160.4200481,643.6407788,2161.653594,1042.849415,1303.561769,629.6775871,3720,23.12869094,1742.44771,465.8266123,515.5920478,0.253585803,0.27353046,1989.781175
89,325,398.7697181,19702.76742,60.55508771,25.80902875,3.524379748,12.11101754,18.16652631,0.611698899,0.030689562,0.019552276,0.011137286,19.93182261,3910518.885,4694500.462,3286150.323,1482473.83,0.1,0.4,0.3,0.3,871956.9953,14947.19949,2690.205508,2185.311504,944.6203889,777.38943,1556.987929,166.0944463,690.6516056,2023.144366,1035.567936,1294.45992,634.8676145,3720,23.13920686,1743.687636,435.9784977,511.4192945,0.253256437,0.271294355,2006.181662
90,325,398.7697181,19176.68712,58.95335186,25.46540537,3.483406031,11.79067037,17.68600556,0.611698899,0.030868474,0.019731188,0.011137286,19.81629882,3807082.187,4570326.755,2742196.053,1924348.107,0.1,0.5,0.3,0.4,774936.6739,14425.45781,2584.822703,2185.311504,919.6343407,756.8264417,1433.021764,163.9797314,672.9231637,1798.034507,1031.229309,1289.036636,639.2345011,3720,22.37632616,1741.236575,387.4683369,503.487817,0.252090441,0.269441026,2019.981023
91,325,398.7697181,19010.48249,58.44664547,25.35573111,3.470332818,11.68932909,17.53399364,0.611698899,0.030926966,0.01978968,0.011137286,19.7788204,3774360.165,4531044.616,2718626.77,1907808.259,0.3,0.5,0.1,0.4,731578.3128,14258.82452,2551.652152,2185.311504,911.7300472,750.3213796,1421.454233,163.3045144,667.3148015,1697.432958,1031.657968,1289.572459,642.371134,3720,22.19107009,1740.941865,365.7891564,500.7444731,0.251749257,0.268125373,2029.892784
92,300,398.7697181,19172.86907,63.85196825,26.5022952,3.607105027,12.77039365,19.15559047,0.564645137,0.028370535,0.018880777,0.009489758,19.90251993,3317957.089,3983141.764,2788199.235,1257834.241,0.1,0.5,0.3,0.3,706593.6782,14421.66356,2696.449911,2185.311504,996.049603,756.6586053,1333.641988,170.3571699,727.1423634,1639.462757,1031.205512,1289.00689,649.9583225,3720,22.39052738,1744.158957,353.2968391,499.7743959,0.252001605,0.264995453,2053.868299
93,350,398.7697181,18964.64832,54.14321878,24.40441367,3.35702984,10.82864376,16.24296563,0.65875266,0.033620992,0.020704376,0.012916615,19.59349289,4280688.267,5138881.473,3083328.884,2163739.568,0.3,0.4,0.3,0.4,728448.1169,14194.15315,2443.229632,2185.311504,844.5993608,748.5425084,1599.863273,157.4422082,619.6833208,1690.170171,1050.495163,1313.118953,650.1332152,3720,22.26667546,1742.756925,364.2240584,502.8202253,0.252186209,0.264924166,2054.42096
94,350,398.7697181,19678.95695,56.16407004,24.85567884,3.410754333,11.23281401,16.84922101,0.65875266,0.033357863,0.020441248,0.012916615,19.74804721,4440461.448,5330686.012,4264548.81,1122249.687,0.1,0.3,0.3,0.2,823190.4817,14892.38864,2579.90377,2185.311504,876.1233397,776.4817283,1854.596056,160.2242709,642.0506445,1909.994638,1066.568306,1333.210382,653.6676961,3720,23.46235602,1748.692548,411.5952408,512.9294827,0.253988105,0.263491681,2065.58992
95,325,398.7697181,18370.66114,56.4487504,24.91859254,3.418247573,11.28975008,16.93462512,0.611698899,0.031167089,0.020029803,0.011137286,19.62643683,3645340.347,4376158.879,2625695.328,1842593.212,0.3,0.5,0.3,0.4,565215.4744,13613.51332,2421.984607,2185.311504,880.56417,724.672557,1375.790411,160.6119583,645.201563,1311.432225,1037.147825,1296.434781,658.4451184,3720,21.46947906,1740.890825,282.6077372,490.0667391,0.250544378,0.261579887,2080.686574
96,325,398.7697181,18729.49916,57.58932877,25.16908056,3.448088998,11.51786575,17.27679863,0.611698899,0.031028107,0.019890821,0.011137286,19.71434818,3718996.474,4464581.601,3125207.121,1409867.874,0.3,0.4,0.3,0.3,617689.5369,13965.52671,2495.083093,2185.311504,898.3564584,739.3152103,1485.005089,162.1550918,657.8257903,1433.184335,1043.972451,1304.965564,658.9634223,3720,22.04099107,1743.544221,308.8447684,495.3075769,0.251430928,0.261374143,2082.324415
97,300,398.7697181,18363.40466,61.17602282,25.94101484,3.540123167,12.23520456,18.35280685,0.564645137,0.028644393,0.019154635,0.009489758,19.71223929,3178906.214,3816213.942,2671349.76,1205120.192,0.3,0.5,0.3,0.3,496743.9417,13604.82773,2528.894399,2185.311504,954.3065769,724.9476031,1280.942389,166.9063804,697.5242819,1152.562239,1038.576931,1298.221164,669.8938716,3720,21.47832453,1743.98826,248.3719709,486.4014838,0.25048061,0.257109383,2116.864634
